,Index,Open,High,Low,Close,size_of_candlestick,OHLC,OHLC1nextshift,OHLC2nextshift,OHLC3nextshift,OHLC4nextshift,OHLC5nextshift,OHLC6nextshift,OHLC7nextshift,OHLC8nextshift,OHLC9nextshift,OHLC10nextshift,OHLCconcat,split_string,calc_profit_all_fields,max_possible_low,max_possible_high,calc_profit,proportion_calc_profit,target,stop_loss_hit_at
929,2021-01-08T19:05:00,1311.2,1311.4,1308.3,1310.5,3.1000000000001364,"1311.2,1311.4,1308.3,1310.5","1310.1,1313.3,1310.1,1313.1","1312.9,1316.1,1312.5,1316.0","1316.0,1316.1,1312.4,1312.4","1312.7,1313.8,1311.4,1311.6","1312.0,1313.7,1312.0,1313.0","1313.5,1314.7,1313.5,1313.8","1313.4,1313.9,1312.7,1313.9","1314.0,1315.4,1313.2,1314.0","1314.8,1315.6,1314.0,1314.2","1314.5,1315.1,1313.1,1314.0","1311.2,1311.4,1308.3,1310.5,1310.1,1313.3,1310.1,1313.1,1312.9,1316.1,1312.5,1316.0,1316.0,1316.1,1312.4,1312.4,1312.7,1313.8,1311.4,1311.6,1312.0,1313.7,1312.0,1313.0,1313.5,1314.7,1313.5,1313.8,1313.4,1313.9,1312.7,1313.9,1314.0,1315.4,1313.2,1314.0,1314.8,1315.6,1314.0,1314.2,1314.5,1315.1,1313.1,1314.0","[['1311.2', '1311.4', '1308.3', '1310.5'], ['1310.1', '1313.3', '1310.1', '1313.1'], ['1312.9', '1316.1', '1312.5', '1316.0'], ['1316.0', '1316.1', '1312.4', '1312.4'], ['1312.7', '1313.8', '1311.4', '1311.6'], ['1312.0', '1313.7', '1312.0', '1313.0'], ['1313.5', '1314.7', '1313.5', '1313.8'], ['1313.4', '1313.9', '1312.7', '1313.9'], ['1314.0', '1315.4', '1313.2', '1314.0'], ['1314.8', '1315.6', '1314.0', '1314.2'], ['1314.5', '1315.1', '1313.1', '1314.0']]","(1310.7621, 0.019999999999993783, 0.02, 0)",0.0,0.427317817626853,1310.7621,0.0199999999999937,0.02,0.0
1011,2021-01-11T11:00:00,1271.6,1271.6,1266.0,1270.4,5.599999999999909,"1271.6,1271.6,1266.0,1270.4","1270.8,1276.1,1269.9,1275.2","1275.3,1275.4,1271.6,1272.1","1272.0,1272.0,1267.2,1267.8","1267.8,1270.4,1267.0,1267.0","1266.6,1269.0,1266.6,1267.0","1266.7,1266.7,1264.0,1265.5","1265.8,1268.5,1265.0,1267.4","1267.8,1268.0,1265.3,1265.6","1265.9,1267.5,1265.5,1266.0","1265.9,1266.9,1265.5,1265.8","1271.6,1271.6,1266.0,1270.4,1270.8,1276.1,1269.9,1275.2,1275.3,1275.4,1271.6,1272.1,1272.0,1272.0,1267.2,1267.8,1267.8,1270.4,1267.0,1267.0,1266.6,1269.0,1266.6,1267.0,1266.7,1266.7,1264.0,1265.5,1265.8,1268.5,1265.0,1267.4,1267.8,1268.0,1265.3,1265.6,1265.9,1267.5,1265.5,1266.0,1265.9,1266.9,1265.5,1265.8","[['1271.6', '1271.6', '1266.0', '1270.4'], ['1270.8', '1276.1', '1269.9', '1275.2'], ['1275.3', '1275.4', '1271.6', '1272.1'], ['1272.0', '1272.0', '1267.2', '1267.8'], ['1267.8', '1270.4', '1267.0', '1267.0'], ['1266.6', '1269.0', '1266.6', '1267.0'], ['1266.7', '1266.7', '1264.0', '1265.5'], ['1265.8', '1268.5', '1265.0', '1267.4'], ['1267.8', '1268.0', '1265.3', '1265.6'], ['1265.9', '1267.5', '1265.5', '1266.0'], ['1265.9', '1266.9', '1265.5', '1265.8']]","(1270.65408, 0.019999999999994553, 0.02, 0)",0.5037783375314933,0.39357682619647355,1270.65408,0.0199999999999945,0.02,0.0
1128,2021-01-11T20:45:00,1257.1,1257.3,1253.8,1257.3,3.5,"1257.1,1257.3,1253.8,1257.3","1256.7,1258.8,1256.7,1257.4","1258.2,1258.3,1257.2,1258.0","1257.7,1257.8,1256.7,1257.5","1257.5,1257.5,1256.5,1256.6","1256.6,1258.2,1256.6,1257.2","1257.6,1257.6,1255.1,1255.1","1255.4,1257.5,1255.3,1255.3","1255.5,1256.5,1255.1,1255.1","1255.0,1255.7,1253.9,1254.6","1254.6,1254.6,1253.5,1254.5","1257.1,1257.3,1253.8,1257.3,1256.7,1258.8,1256.7,1257.4,1258.2,1258.3,1257.2,1258.0,1257.7,1257.8,1256.7,1257.5,1257.5,1257.5,1256.5,1256.6,1256.6,1258.2,1256.6,1257.2,1257.6,1257.6,1255.1,1255.1,1255.4,1257.5,1255.3,1255.3,1255.5,1256.5,1255.1,1255.1,1255.0,1255.7,1253.9,1254.6,1254.6,1254.6,1253.5,1254.5","[['1257.1', '1257.3', '1253.8', '1257.3'], ['1256.7', '1258.8', '1256.7', '1257.4'], ['1258.2', '1258.3', '1257.2', '1258.0'], ['1257.7', '1257.8', '1256.7', '1257.5'], ['1257.5', '1257.5', '1256.5', '1256.6'], ['1256.6', '1258.2', '1256.6', '1257.2'], ['1257.6', '1257.6', '1255.1', '1255.1'], ['1255.4', '1257.5', '1255.3', '1255.3'], ['1255.5', '1256.5', '1255.1', '1255.1'], ['1255.0', '1255.7', '1253.9', '1254.6'], ['1254.6', '1254.6', '1253.5', '1254.5']]","(1257.55146, 0.01999999999999617, 0.02, 0)",0.3022349479042356,0.07953551260637876,1257.55146,0.0199999999999961,0.02,0.0
1646,2021-01-14T19:10:00,1306.3,1306.3,1301.8,1305.3,4.5,"1306.3,1306.3,1301.8,1305.3","1304.9,1306.7,1304.7,1304.7","1304.9,1306.7,1303.6,1305.3","1305.7,1307.9,1305.7,1307.3","1307.7,1311.4,1307.4,1311.0","1310.9,1311.0,1308.0,1308.8","1308.6,1309.7,1308.2,1308.2","1308.4,1310.3,1307.8,1310.1","1310.5,1314.2,1309.8,1312.5","1311.9,1313.2,1311.1,1311.3","1311.7,1316.1,1311.7,1316.0","1306.3,1306.3,1301.8,1305.3,1304.9,1306.7,1304.7,1304.7,1304.9,1306.7,1303.6,1305.3,1305.7,1307.9,1305.7,1307.3,1307.7,1311.4,1307.4,1311.0,1310.9,1311.0,1308.0,1308.8,1308.6,1309.7,1308.2,1308.2,1308.4,1310.3,1307.8,1310.1,1310.5,1314.2,1309.8,1312.5,1311.9,1313.2,1311.1,1311.3,1311.7,1316.1,1311.7,1316.0","[['1306.3', '1306.3', '1301.8', '1305.3'], ['1304.9', '1306.7', '1304.7', '1304.7'], ['1304.9', '1306.7', '1303.6', '1305.3'], ['1305.7', '1307.9', '1305.7', '1307.3'], ['1307.7', '1311.4', '1307.4', '1311.0'], ['1310.9', '1311.0', '1308.0', '1308.8'], ['1308.6', '1309.7', '1308.2', '1308.2'], ['1308.4', '1310.3', '1307.8', '1310.1'], ['1310.5', '1314.2', '1309.8', '1312.5'], ['1311.9', '1313.2', '1311.1', '1311.3'], ['1311.7', '1316.1', '1311.7', '1316.0']]","(1305.56106, 0.020000000000003307, 0.02, 0)",0.13023825940397193,0.8273960009193254,1305.56106,0.0200000000000033,0.02,0.0
3395,2021-02-04T11:00:00,1278.3,1278.3,1274.4,1277.2,3.8999999999998636,"1278.3,1278.3,1274.4,1277.2","1277.5,1279.0,1275.8,1279.0","1278.9,1280.7,1278.9,1280.0","1280.0,1280.4,1278.5,1280.0","1280.5,1281.0,1280.1,1280.1","1279.8,1279.8,1279.1,1279.6","1279.7,1279.7,1278.4,1279.0","1278.6,1280.7,1278.0,1280.7","1280.8,1282.7,1279.6,1282.3","1282.8,1283.8,1281.5,1283.8","1283.8,1284.9,1283.4,1283.8","1278.3,1278.3,1274.4,1277.2,1277.5,1279.0,1275.8,1279.0,1278.9,1280.7,1278.9,1280.0,1280.0,1280.4,1278.5,1280.0,1280.5,1281.0,1280.1,1280.1,1279.8,1279.8,1279.1,1279.6,1279.7,1279.7,1278.4,1279.0,1278.6,1280.7,1278.0,1280.7,1280.8,1282.7,1279.6,1282.3,1282.8,1283.8,1281.5,1283.8,1283.8,1284.9,1283.4,1283.8","[['1278.3', '1278.3', '1274.4', '1277.2'], ['1277.5', '1279.0', '1275.8', '1279.0'], ['1278.9', '1280.7', '1278.9', '1280.0'], ['1280.0', '1280.4', '1278.5', '1280.0'], ['1280.5', '1281.0', '1280.1', '1280.1'], ['1279.8', '1279.8', '1279.1', '1279.6'], ['1279.7', '1279.7', '1278.4', '1279.0'], ['1278.6', '1280.7', '1278.0', '1280.7'], ['1280.8', '1282.7', '1279.6', '1282.3'], ['1282.8', '1283.8', '1281.5', '1283.8'], ['1283.8', '1284.9', '1283.4', '1283.8']]","(1277.45544, 0.019999999999992774, 0.02, 0)",0.0,0.6028813028499879,1277.45544,0.0199999999999927,0.02,0.0
4042,2021-02-09T20:10:00,1331.2,1332.4,1328.2,1331.5,4.2000000000000455,"1331.2,1332.4,1328.2,1331.5","1331.2,1333.4,1331.2,1332.6","1333.0,1335.6,1332.8,1334.6","1334.5,1335.5,1334.0,1334.9","1334.9,1336.6,1334.9,1335.9","1335.0,1335.8,1334.6,1335.1","1336.0,1336.4,1334.9,1335.4","1335.3,1335.4,1332.4,1332.7","1332.2,1333.4,1331.9,1333.2","1333.4,1334.0,1333.4,1333.9","1333.6,1333.7,1333.0,1333.7","1331.2,1332.4,1328.2,1331.5,1331.2,1333.4,1331.2,1332.6,1333.0,1335.6,1332.8,1334.6,1334.5,1335.5,1334.0,1334.9,1334.9,1336.6,1334.9,1335.9,1335.0,1335.8,1334.6,1335.1,1336.0,1336.4,1334.9,1335.4,1335.3,1335.4,1332.4,1332.7,1332.2,1333.4,1331.9,1333.2,1333.4,1334.0,1333.4,1333.9,1333.6,1333.7,1333.0,1333.7","[['1331.2', '1332.4', '1328.2', '1331.5'], ['1331.2', '1333.4', '1331.2', '1332.6'], ['1333.0', '1335.6', '1332.8', '1334.6'], ['1334.5', '1335.5', '1334.0', '1334.9'], ['1334.9', '1336.6', '1334.9', '1335.9'], ['1335.0', '1335.8', '1334.6', '1335.1'], ['1336.0', '1336.4', '1334.9', '1335.4'], ['1335.3', '1335.4', '1332.4', '1332.7'], ['1332.2', '1333.4', '1331.9', '1333.2'], ['1333.4', '1334.0', '1333.4', '1333.9'], ['1333.6', '1333.7', '1333.0', '1333.7']]","(1331.7663, 0.020000000000000084, 0.02, 0)",0.0,0.3830266616597754,1331.7663,0.02,0.02,0.0
5376,2021-02-19T12:05:00,1402.0,1402.0,1398.5,1401.0,3.5,"1402.0,1402.0,1398.5,1401.0","1400.4,1405.4,1400.4,1405.4","1405.0,1406.4,1403.8,1404.8","1404.1,1405.3,1403.9,1404.9","1405.0,1405.1,1400.7,1401.7","1401.1,1402.4,1400.3,1400.5","1400.9,1402.0,1400.5,1402.0","1402.0,1402.3,1401.1,1401.9","1402.4,1404.0,1401.6,1403.4","1403.0,1403.8,1403.0,1403.3","1403.6,1403.6,1402.0,1402.0","1402.0,1402.0,1398.5,1401.0,1400.4,1405.4,1400.4,1405.4,1405.0,1406.4,1403.8,1404.8,1404.1,1405.3,1403.9,1404.9,1405.0,1405.1,1400.7,1401.7,1401.1,1402.4,1400.3,1400.5,1400.9,1402.0,1400.5,1402.0,1402.0,1402.3,1401.1,1401.9,1402.4,1404.0,1401.6,1403.4,1403.0,1403.8,1403.0,1403.3,1403.6,1403.6,1402.0,1402.0","[['1402.0', '1402.0', '1398.5', '1401.0'], ['1400.4', '1405.4', '1400.4', '1405.4'], ['1405.0', '1406.4', '1403.8', '1404.8'], ['1404.1', '1405.3', '1403.9', '1404.9'], ['1405.0', '1405.1', '1400.7', '1401.7'], ['1401.1', '1402.4', '1400.3', '1400.5'], ['1400.9', '1402.0', '1400.5', '1402.0'], ['1402.0', '1402.3', '1401.1', '1401.9'], ['1402.4', '1404.0', '1401.6', '1403.4'], ['1403.0', '1403.8', '1403.0', '1403.3'], ['1403.6', '1403.6', '1402.0', '1402.0']]","(1401.2802, 0.01999999999999447, 0.02, 0)",0.04996431120628447,0.3854389721627474,1401.2802,0.0199999999999944,0.02,0.0
5609,2021-02-22T19:00:00,1398.0,1398.0,1393.0,1397.8,5.0,"1398.0,1398.0,1393.0,1397.8","1398.1,1401.5,1397.7,1401.0","1406.5,1406.5,1405.0,1405.0","1401.5,1401.5,1401.2,1401.2","1404.0,1404.0,1404.0,1404.0","1406.3,1406.3,1406.2,1406.2","1402.5,1406.2,1402.5,1406.2","1406.3,1406.3,1406.3,1406.3","1403.5,1403.5,1403.5,1403.5","1404.1,1404.1,1404.1,1404.1","1403.0,1403.0,1403.0,1403.0","1398.0,1398.0,1393.0,1397.8,1398.1,1401.5,1397.7,1401.0,1406.5,1406.5,1405.0,1405.0,1401.5,1401.5,1401.2,1401.2,1404.0,1404.0,1404.0,1404.0,1406.3,1406.3,1406.2,1406.2,1402.5,1406.2,1402.5,1406.2,1406.3,1406.3,1406.3,1406.3,1403.5,1403.5,1403.5,1403.5,1404.1,1404.1,1404.1,1404.1,1403.0,1403.0,1403.0,1403.0","[['1398.0', '1398.0', '1393.0', '1397.8'], ['1398.1', '1401.5', '1397.7', '1401.0'], ['1406.5', '1406.5', '1405.0', '1405.0'], ['1401.5', '1401.5', '1401.2', '1401.2'], ['1404.0', '1404.0', '1404.0', '1404.0'], ['1406.3', '1406.3', '1406.2', '1406.2'], ['1402.5', '1406.2', '1402.5', '1406.2'], ['1406.3', '1406.3', '1406.3', '1406.3'], ['1403.5', '1403.5', '1403.5', '1403.5'], ['1404.1', '1404.1', '1404.1', '1404.1'], ['1403.0', '1403.0', '1403.0', '1403.0']]","(1398.07956, 0.01999999999999619, 0.02, 0)",0.0,0.6224066390041526,1398.07956,0.0199999999999961,0.02,0.0
6188,2021-03-03T17:35:00,1337.3,1337.5,1332.4,1336.2,5.099999999999909,"1337.3,1337.5,1332.4,1336.2","1336.4,1337.3,1331.2,1332.6","1332.6,1334.8,1331.6,1333.5","1333.4,1333.7,1332.0,1332.1","1331.9,1332.2,1326.0,1326.2","1326.0,1326.6,1282.3,1293.0","1291.0,1292.2,1282.3,1282.3","1282.3,1292.0,1282.3,1286.6","1286.9,1291.1,1284.0,1287.9","1287.4,1289.0,1282.3,1288.2","1288.2,1293.9,1286.0,1290.7","1337.3,1337.5,1332.4,1336.2,1336.4,1337.3,1331.2,1332.6,1332.6,1334.8,1331.6,1333.5,1333.4,1333.7,1332.0,1332.1,1331.9,1332.2,1326.0,1326.2,1326.0,1326.6,1282.3,1293.0,1291.0,1292.2,1282.3,1282.3,1282.3,1292.0,1282.3,1286.6,1286.9,1291.1,1284.0,1287.9,1287.4,1289.0,1282.3,1288.2,1288.2,1293.9,1286.0,1290.7","[['1337.3', '1337.5', '1332.4', '1336.2'], ['1336.4', '1337.3', '1331.2', '1332.6'], ['1332.6', '1334.8', '1331.6', '1333.5'], ['1333.4', '1333.7', '1332.0', '1332.1'], ['1331.9', '1332.2', '1326.0', '1326.2'], ['1326.0', '1326.6', '1282.3', '1293.0'], ['1291.0', '1292.2', '1282.3', '1282.3'], ['1282.3', '1292.0', '1282.3', '1286.6'], ['1286.9', '1291.1', '1284.0', '1287.9'], ['1287.4', '1289.0', '1282.3', '1288.2'], ['1288.2', '1293.9', '1286.0', '1290.7']]","(1336.46724, 0.01999999999999263, 0.02, 0)",4.033827271366568,0.0,1336.46724,0.0199999999999926,0.02,0.0
6200,2021-03-03T18:35:00,1296.0,1296.8,1291.3,1295.9,5.5,"1296.0,1296.8,1291.3,1295.9","1295.2,1300.5,1295.2,1297.4","1298.7,1300.3,1297.0,1299.0","1299.0,1300.9,1293.6,1300.0","1300.0,1300.1,1293.5,1295.0","1295.7,1295.8,1289.3,1290.0","1290.4,1292.9,1289.4,1290.6","1290.8,1292.3,1287.0,1288.2","1288.0,1289.7,1285.5,1289.6","1289.4,1290.0,1287.0,1288.3","1288.0,1288.9,1285.5,1288.4","1296.0,1296.8,1291.3,1295.9,1295.2,1300.5,1295.2,1297.4,1298.7,1300.3,1297.0,1299.0,1299.0,1300.9,1293.6,1300.0,1300.0,1300.1,1293.5,1295.0,1295.7,1295.8,1289.3,1290.0,1290.4,1292.9,1289.4,1290.6,1290.8,1292.3,1287.0,1288.2,1288.0,1289.7,1285.5,1289.6,1289.4,1290.0,1287.0,1288.3,1288.0,1288.9,1285.5,1288.4","[['1296.0', '1296.8', '1291.3', '1295.9'], ['1295.2', '1300.5', '1295.2', '1297.4'], ['1298.7', '1300.3', '1297.0', '1299.0'], ['1299.0', '1300.9', '1293.6', '1300.0'], ['1300.0', '1300.1', '1293.5', '1295.0'], ['1295.7', '1295.8', '1289.3', '1290.0'], ['1290.4', '1292.9', '1289.4', '1290.6'], ['1290.8', '1292.3', '1287.0', '1288.2'], ['1288.0', '1289.7', '1285.5', '1289.6'], ['1289.4', '1290.0', '1287.0', '1288.3'], ['1288.0', '1288.9', '1285.5', '1288.4']]","(1296.15918, 0.020000000000001145, 0.02, 0)",0.8025310594953384,0.3858322401419862,1296.15918,0.0200000000000011,0.02,0.0
6210,2021-03-03T19:25:00,1288.0,1288.9,1285.5,1288.4,3.400000000000091,"1288.0,1288.9,1285.5,1288.4","1288.3,1288.3,1285.5,1286.5","1287.1,1287.3,1284.3,1285.0","1285.9,1285.9,1271.2,1273.4","1273.4,1279.2,1273.4,1278.8","1279.7,1282.1,1278.0,1281.3","1281.3,1284.2,1281.3,1283.0","1283.0,1287.4,1280.3,1287.4","1286.7,1286.9,1279.3,1279.3","1278.5,1279.2,1275.0,1276.7","1276.8,1282.0,1276.8,1280.7","1288.0,1288.9,1285.5,1288.4,1288.3,1288.3,1285.5,1286.5,1287.1,1287.3,1284.3,1285.0,1285.9,1285.9,1271.2,1273.4,1273.4,1279.2,1273.4,1278.8,1279.7,1282.1,1278.0,1281.3,1281.3,1284.2,1281.3,1283.0,1283.0,1287.4,1280.3,1287.4,1286.7,1286.9,1279.3,1279.3,1278.5,1279.2,1275.0,1276.7,1276.8,1282.0,1276.8,1280.7","[['1288.0', '1288.9', '1285.5', '1288.4'], ['1288.3', '1288.3', '1285.5', '1286.5'], ['1287.1', '1287.3', '1284.3', '1285.0'], ['1285.9', '1285.9', '1271.2', '1273.4'], ['1273.4', '1279.2', '1273.4', '1278.8'], ['1279.7', '1282.1', '1278.0', '1281.3'], ['1281.3', '1284.2', '1281.3', '1283.0'], ['1283.0', '1287.4', '1280.3', '1287.4'], ['1286.7', '1286.9', '1279.3', '1279.3'], ['1278.5', '1279.2', '1275.0', '1276.7'], ['1276.8', '1282.0', '1276.8', '1280.7']]","(1288.1423200000002, -0.019999999999995077, 0.02, '1285.5')",1.3349891338093793,0.0,1288.1423200000002,-0.019999999999995,0.02,1285.5
6278,2021-03-04T10:10:00,1222.6,1222.9,1219.5,1222.2,3.400000000000091,"1222.6,1222.9,1219.5,1222.2","1222.7,1223.4,1220.3,1220.9","1220.9,1220.9,1217.0,1217.2","1217.8,1219.9,1217.8,1219.3","1219.0,1219.3,1217.4,1218.8","1218.6,1219.3,1218.0,1218.5","1218.5,1220.6,1218.5,1219.3","1219.7,1219.8,1218.7,1218.9","1219.0,1221.0,1219.0,1221.0","1221.0,1221.0,1219.0,1219.0","1218.6,1220.5,1217.5,1219.8","1222.6,1222.9,1219.5,1222.2,1222.7,1223.4,1220.3,1220.9,1220.9,1220.9,1217.0,1217.2,1217.8,1219.9,1217.8,1219.3,1219.0,1219.3,1217.4,1218.8,1218.6,1219.3,1218.0,1218.5,1218.5,1220.6,1218.5,1219.3,1219.7,1219.8,1218.7,1218.9,1219.0,1221.0,1219.0,1221.0,1221.0,1221.0,1219.0,1219.0,1218.6,1220.5,1217.5,1219.8","[['1222.6', '1222.9', '1219.5', '1222.2'], ['1222.7', '1223.4', '1220.3', '1220.9'], ['1220.9', '1220.9', '1217.0', '1217.2'], ['1217.8', '1219.9', '1217.8', '1219.3'], ['1219.0', '1219.3', '1217.4', '1218.8'], ['1218.6', '1219.3', '1218.0', '1218.5'], ['1218.5', '1220.6', '1218.5', '1219.3'], ['1219.7', '1219.8', '1218.7', '1218.9'], ['1219.0', '1221.0', '1219.0', '1221.0'], ['1221.0', '1221.0', '1219.0', '1219.0'], ['1218.6', '1220.5', '1217.5', '1219.8']]","(1222.44444, 0.01999999999999513, 0.02, 0)",0.42546228113238793,0.0,1222.44444,0.0199999999999951,0.02,0.0
6335,2021-03-04T14:55:00,1172.2,1172.8,1168.0,1171.5,4.7999999999999545,"1172.2,1172.8,1168.0,1171.5","1171.0,1173.3,1170.7,1172.4","1172.0,1172.4,1167.0,1168.0","1167.0,1168.0,1165.1,1166.9","1167.5,1170.2,1167.2,1170.2","1169.5,1172.0,1168.9,1169.7","1169.9,1170.3,1168.1,1168.5","1168.3,1168.3,1163.7,1164.2","1164.5,1167.0,1164.5,1165.3","1164.5,1166.0,1163.4,1164.9","1165.8,1167.8,1165.8,1166.6","1172.2,1172.8,1168.0,1171.5,1171.0,1173.3,1170.7,1172.4,1172.0,1172.4,1167.0,1168.0,1167.0,1168.0,1165.1,1166.9,1167.5,1170.2,1167.2,1170.2,1169.5,1172.0,1168.9,1169.7,1169.9,1170.3,1168.1,1168.5,1168.3,1168.3,1163.7,1164.2,1164.5,1167.0,1164.5,1165.3,1164.5,1166.0,1163.4,1164.9,1165.8,1167.8,1165.8,1166.6","[['1172.2', '1172.8', '1168.0', '1171.5'], ['1171.0', '1173.3', '1170.7', '1172.4'], ['1172.0', '1172.4', '1167.0', '1168.0'], ['1167.0', '1168.0', '1165.1', '1166.9'], ['1167.5', '1170.2', '1167.2', '1170.2'], ['1169.5', '1172.0', '1168.9', '1169.7'], ['1169.9', '1170.3', '1168.1', '1168.5'], ['1168.3', '1168.3', '1163.7', '1164.2'], ['1164.5', '1167.0', '1164.5', '1165.3'], ['1164.5', '1166.0', '1163.4', '1164.9'], ['1165.8', '1167.8', '1165.8', '1166.6']]","(1171.7343, 0.02000000000000646, 0.02, 0)",0.6914212548015287,0.07682458386684515,1171.7343,0.0200000000000064,0.02,0.0
6361,2021-03-04T17:05:00,1175.5,1175.7,1172.5,1175.7,3.2000000000000455,"1175.5,1175.7,1172.5,1175.7","1175.7,1175.7,1173.4,1174.0","1174.6,1175.6,1173.4,1173.6","1174.0,1175.7,1173.0,1173.0","1173.1,1173.8,1170.1,1172.2","1172.4,1173.4,1170.6,1173.1","1173.2,1174.4,1171.8,1173.2","1172.6,1176.1,1172.6,1175.0","1174.8,1175.0,1170.0,1174.0","1174.0,1176.8,1173.9,1175.7","1174.9,1176.0,1174.4,1175.3","1175.5,1175.7,1172.5,1175.7,1175.7,1175.7,1173.4,1174.0,1174.6,1175.6,1173.4,1173.6,1174.0,1175.7,1173.0,1173.0,1173.1,1173.8,1170.1,1172.2,1172.4,1173.4,1170.6,1173.1,1173.2,1174.4,1171.8,1173.2,1172.6,1176.1,1172.6,1175.0,1174.8,1175.0,1170.0,1174.0,1174.0,1176.8,1173.9,1175.7,1174.9,1176.0,1174.4,1175.3","[['1175.5', '1175.7', '1172.5', '1175.7'], ['1175.7', '1175.7', '1173.4', '1174.0'], ['1174.6', '1175.6', '1173.4', '1173.6'], ['1174.0', '1175.7', '1173.0', '1173.0'], ['1173.1', '1173.8', '1170.1', '1172.2'], ['1172.4', '1173.4', '1170.6', '1173.1'], ['1173.2', '1174.4', '1171.8', '1173.2'], ['1172.6', '1176.1', '1172.6', '1175.0'], ['1174.8', '1175.0', '1170.0', '1174.0'], ['1174.0', '1176.8', '1173.9', '1175.7'], ['1174.9', '1176.0', '1174.4', '1175.3']]","(1175.46486, -0.020000000000000104, 0.02, '1173.4')",0.4848175554988556,0.09356128264012153,1175.46486,-0.0200000000000001,0.02,1173.4
6369,2021-03-04T17:45:00,1174.8,1175.0,1170.0,1174.0,5.0,"1174.8,1175.0,1170.0,1174.0","1174.0,1176.8,1173.9,1175.7","1174.9,1176.0,1174.4,1175.3","1175.3,1177.3,1174.4,1176.1","1177.2,1182.1,1177.2,1180.3","1180.3,1181.5,1173.5,1180.5","1180.2,1180.8,1178.9,1180.4","1180.4,1183.7,1180.0,1182.5","1183.0,1186.0,1180.7,1185.0","1185.6,1186.0,1171.7,1177.5","1178.2,1178.2,1171.7,1177.8","1174.8,1175.0,1170.0,1174.0,1174.0,1176.8,1173.9,1175.7,1174.9,1176.0,1174.4,1175.3,1175.3,1177.3,1174.4,1176.1,1177.2,1182.1,1177.2,1180.3,1180.3,1181.5,1173.5,1180.5,1180.2,1180.8,1178.9,1180.4,1180.4,1183.7,1180.0,1182.5,1183.0,1186.0,1180.7,1185.0,1185.6,1186.0,1171.7,1177.5,1178.2,1178.2,1171.7,1177.8","[['1174.8', '1175.0', '1170.0', '1174.0'], ['1174.0', '1176.8', '1173.9', '1175.7'], ['1174.9', '1176.0', '1174.4', '1175.3'], ['1175.3', '1177.3', '1174.4', '1176.1'], ['1177.2', '1182.1', '1177.2', '1180.3'], ['1180.3', '1181.5', '1173.5', '1180.5'], ['1180.2', '1180.8', '1178.9', '1180.4'], ['1180.4', '1183.7', '1180.0', '1182.5'], ['1183.0', '1186.0', '1180.7', '1185.0'], ['1185.6', '1186.0', '1171.7', '1177.5'], ['1178.2', '1178.2', '1171.7', '1177.8']]","(1174.2348, 0.019999999999995754, 0.02, 0)",0.19591141396933173,1.0221465076660987,1174.2348,0.0199999999999957,0.02,0.0
6397,2021-03-04T20:05:00,1187.4,1188.3,1185.2,1187.5,3.099999999999909,"1187.4,1188.3,1185.2,1187.5","1187.7,1190.0,1183.4,1184.5","1184.5,1187.5,1181.1,1181.6","1181.4,1183.9,1179.6,1183.3","1183.8,1184.5,1180.0,1182.5","1182.0,1182.1,1179.9,1180.2","1180.2,1182.5,1179.7,1179.7","1178.3,1179.5,1175.3,1177.8","1176.6,1177.8,1175.6,1176.7","1175.9,1181.9,1174.5,1180.4","1180.0,1183.1,1179.4,1183.1","1187.4,1188.3,1185.2,1187.5,1187.7,1190.0,1183.4,1184.5,1184.5,1187.5,1181.1,1181.6,1181.4,1183.9,1179.6,1183.3,1183.8,1184.5,1180.0,1182.5,1182.0,1182.1,1179.9,1180.2,1180.2,1182.5,1179.7,1179.7,1178.3,1179.5,1175.3,1177.8,1176.6,1177.8,1175.6,1176.7,1175.9,1181.9,1174.5,1180.4,1180.0,1183.1,1179.4,1183.1","[['1187.4', '1188.3', '1185.2', '1187.5'], ['1187.7', '1190.0', '1183.4', '1184.5'], ['1184.5', '1187.5', '1181.1', '1181.6'], ['1181.4', '1183.9', '1179.6', '1183.3'], ['1183.8', '1184.5', '1180.0', '1182.5'], ['1182.0', '1182.1', '1179.9', '1180.2'], ['1180.2', '1182.5', '1179.7', '1179.7'], ['1178.3', '1179.5', '1175.3', '1177.8'], ['1176.6', '1177.8', '1175.6', '1176.7'], ['1175.9', '1181.9', '1174.5', '1180.4'], ['1180.0', '1183.1', '1179.4', '1183.1']]","(1187.7375, 0.01999999999999617, 0.02, 0)",1.094736842105263,0.0,1187.7375,0.0199999999999961,0.02,0.0
6567,2021-03-05T19:20:00,1195.3,1196.0,1192.5,1195.2,3.5,"1195.3,1196.0,1192.5,1195.2","1195.2,1195.2,1192.7,1194.1","1193.6,1195.7,1191.8,1195.7","1194.0,1194.5,1191.8,1194.5","1194.5,1195.3,1192.8,1195.3","1195.3,1197.4,1194.9,1197.4","1197.5,1198.6,1196.5,1196.8","1196.5,1203.9,1196.5,1202.6","1202.6,1204.2,1200.3,1203.0","1202.8,1205.5,1202.0,1202.4","1203.0,1206.5,1202.7,1203.0","1195.3,1196.0,1192.5,1195.2,1195.2,1195.2,1192.7,1194.1,1193.6,1195.7,1191.8,1195.7,1194.0,1194.5,1191.8,1194.5,1194.5,1195.3,1192.8,1195.3,1195.3,1197.4,1194.9,1197.4,1197.5,1198.6,1196.5,1196.8,1196.5,1203.9,1196.5,1202.6,1202.6,1204.2,1200.3,1203.0,1202.8,1205.5,1202.0,1202.4,1203.0,1206.5,1202.7,1203.0","[['1195.3', '1196.0', '1192.5', '1195.2'], ['1195.2', '1195.2', '1192.7', '1194.1'], ['1193.6', '1195.7', '1191.8', '1195.7'], ['1194.0', '1194.5', '1191.8', '1194.5'], ['1194.5', '1195.3', '1192.8', '1195.3'], ['1195.3', '1197.4', '1194.9', '1197.4'], ['1197.5', '1198.6', '1196.5', '1196.8'], ['1196.5', '1203.9', '1196.5', '1202.6'], ['1202.6', '1204.2', '1200.3', '1203.0'], ['1202.8', '1205.5', '1202.0', '1202.4'], ['1203.0', '1206.5', '1202.7', '1203.0']]","(1194.9609600000001, -0.01999999999999429, 0.02, '1192.7')",0.28447121820616555,0.9454484605086976,1194.96096,-0.0199999999999942,0.02,1192.7
6682,2021-03-08T14:00:00,1180.1,1181.1,1177.2,1180.0,3.8999999999998636,"1180.1,1181.1,1177.2,1180.0","1180.5,1180.5,1176.1,1178.8","1179.0,1179.4,1178.1,1179.4","1178.4,1180.2,1178.2,1179.9","1179.8,1182.5,1179.0,1181.9","1181.4,1182.4,1179.0,1181.6","1181.5,1186.6,1180.7,1185.8","1185.8,1192.3,1185.8,1188.7","1189.1,1192.4,1188.9,1191.9","1192.0,1193.0,1191.2,1191.2","1190.3,1190.9,1189.0,1189.5","1180.1,1181.1,1177.2,1180.0,1180.5,1180.5,1176.1,1178.8,1179.0,1179.4,1178.1,1179.4,1178.4,1180.2,1178.2,1179.9,1179.8,1182.5,1179.0,1181.9,1181.4,1182.4,1179.0,1181.6,1181.5,1186.6,1180.7,1185.8,1185.8,1192.3,1185.8,1188.7,1189.1,1192.4,1188.9,1191.9,1192.0,1193.0,1191.2,1191.2,1190.3,1190.9,1189.0,1189.5","[['1180.1', '1181.1', '1177.2', '1180.0'], ['1180.5', '1180.5', '1176.1', '1178.8'], ['1179.0', '1179.4', '1178.1', '1179.4'], ['1178.4', '1180.2', '1178.2', '1179.9'], ['1179.8', '1182.5', '1179.0', '1181.9'], ['1181.4', '1182.4', '1179.0', '1181.6'], ['1181.5', '1186.6', '1180.7', '1185.8'], ['1185.8', '1192.3', '1185.8', '1188.7'], ['1189.1', '1192.4', '1188.9', '1191.9'], ['1192.0', '1193.0', '1191.2', '1191.2'], ['1190.3', '1190.9', '1189.0', '1189.5']]","(1180.236, 0.020000000000008785, 0.02, 0)",0.1610169491525501,1.1016949152542372,1180.236,0.0200000000000087,0.02,0.0
6687,2021-03-08T14:25:00,1181.4,1182.4,1179.0,1181.6,3.400000000000091,"1181.4,1182.4,1179.0,1181.6","1181.5,1186.6,1180.7,1185.8","1185.8,1192.3,1185.8,1188.7","1189.1,1192.4,1188.9,1191.9","1192.0,1193.0,1191.2,1191.2","1190.3,1190.9,1189.0,1189.5","1190.0,1190.5,1188.3,1190.0","1189.5,1189.5,1188.7,1189.0","1189.7,1190.0,1185.0,1186.8","1187.5,1190.0,1187.5,1188.8","1189.7,1189.7,1188.3,1188.7","1181.4,1182.4,1179.0,1181.6,1181.5,1186.6,1180.7,1185.8,1185.8,1192.3,1185.8,1188.7,1189.1,1192.4,1188.9,1191.9,1192.0,1193.0,1191.2,1191.2,1190.3,1190.9,1189.0,1189.5,1190.0,1190.5,1188.3,1190.0,1189.5,1189.5,1188.7,1189.0,1189.7,1190.0,1185.0,1186.8,1187.5,1190.0,1187.5,1188.8,1189.7,1189.7,1188.3,1188.7","[['1181.4', '1182.4', '1179.0', '1181.6'], ['1181.5', '1186.6', '1180.7', '1185.8'], ['1185.8', '1192.3', '1185.8', '1188.7'], ['1189.1', '1192.4', '1188.9', '1191.9'], ['1192.0', '1193.0', '1191.2', '1191.2'], ['1190.3', '1190.9', '1189.0', '1189.5'], ['1190.0', '1190.5', '1188.3', '1190.0'], ['1189.5', '1189.5', '1188.7', '1189.0'], ['1189.7', '1190.0', '1185.0', '1186.8'], ['1187.5', '1190.0', '1187.5', '1188.8'], ['1189.7', '1189.7', '1188.3', '1188.7']]","(1181.83632, 0.01999999999999813, 0.02, 0)",0.0,0.9647935003385318,1181.83632,0.0199999999999981,0.02,0.0
6860,2021-03-09T13:55:00,1152.0,1152.6,1147.6,1151.6,5.0,"1152.0,1152.6,1147.6,1151.6","1152.0,1152.5,1151.3,1152.5","1152.6,1158.7,1152.6,1156.9","1157.0,1157.0,1155.1,1155.6","1155.0,1155.8,1153.5,1155.8","1155.5,1157.4,1155.5,1157.4","1157.9,1159.9,1157.9,1159.5","1161.2,1166.0,1160.2,1164.7","1165.0,1165.0,1159.7,1162.0","1162.0,1163.1,1161.7,1163.1","1163.1,1164.5,1160.4,1161.0","1152.0,1152.6,1147.6,1151.6,1152.0,1152.5,1151.3,1152.5,1152.6,1158.7,1152.6,1156.9,1157.0,1157.0,1155.1,1155.6,1155.0,1155.8,1153.5,1155.8,1155.5,1157.4,1155.5,1157.4,1157.9,1159.9,1157.9,1159.5,1161.2,1166.0,1160.2,1164.7,1165.0,1165.0,1159.7,1162.0,1162.0,1163.1,1161.7,1163.1,1163.1,1164.5,1160.4,1161.0","[['1152.0', '1152.6', '1147.6', '1151.6'], ['1152.0', '1152.5', '1151.3', '1152.5'], ['1152.6', '1158.7', '1152.6', '1156.9'], ['1157.0', '1157.0', '1155.1', '1155.6'], ['1155.0', '1155.8', '1153.5', '1155.8'], ['1155.5', '1157.4', '1155.5', '1157.4'], ['1157.9', '1159.9', '1157.9', '1159.5'], ['1161.2', '1166.0', '1160.2', '1164.7'], ['1165.0', '1165.0', '1159.7', '1162.0'], ['1162.0', '1163.1', '1161.7', '1163.1'], ['1163.1', '1164.5', '1160.4', '1161.0']]","(1151.8303199999998, 0.019999999999990657, 0.02, 0)",0.0,1.2504341785342212,1151.8303199999998,0.0199999999999906,0.02,0.0
7139,2021-03-10T22:15:00,1175.1,1175.7,1172.2,1175.0,3.5,"1175.1,1175.7,1172.2,1175.0","1175.5,1175.5,1172.0,1172.5","1172.5,1172.5,1161.6,1163.0","1163.7,1167.0,1158.4,1166.0","1165.3,1168.3,1164.1,1168.2","1167.7,1172.6,1165.7,1170.3","1170.0,1171.9,1169.2,1171.9","1171.7,1171.7,1169.3,1170.0","1170.3,1173.0,1170.0,1170.8","1170.8,1171.3,1170.6,1171.3","1171.3,1171.6,1171.1,1171.6","1175.1,1175.7,1172.2,1175.0,1175.5,1175.5,1172.0,1172.5,1172.5,1172.5,1161.6,1163.0,1163.7,1167.0,1158.4,1166.0,1165.3,1168.3,1164.1,1168.2,1167.7,1172.6,1165.7,1170.3,1170.0,1171.9,1169.2,1171.9,1171.7,1171.7,1169.3,1170.0,1170.3,1173.0,1170.0,1170.8,1170.8,1171.3,1170.6,1171.3,1171.3,1171.6,1171.1,1171.6","[['1175.1', '1175.7', '1172.2', '1175.0'], ['1175.5', '1175.5', '1172.0', '1172.5'], ['1172.5', '1172.5', '1161.6', '1163.0'], ['1163.7', '1167.0', '1158.4', '1166.0'], ['1165.3', '1168.3', '1164.1', '1168.2'], ['1167.7', '1172.6', '1165.7', '1170.3'], ['1170.0', '1171.9', '1169.2', '1171.9'], ['1171.7', '1171.7', '1169.3', '1170.0'], ['1170.3', '1173.0', '1170.0', '1170.8'], ['1170.8', '1171.3', '1170.6', '1171.3'], ['1171.3', '1171.6', '1171.1', '1171.6']]","(1175.235, 0.019999999999991483, 0.02, 0)",1.4127659574468008,0.0,1175.235,0.0199999999999914,0.02,0.0
7374,2021-03-12T20:00:00,1164.0,1164.0,1159.0,1163.8,5.0,"1164.0,1164.0,1159.0,1163.8","1163.1,1163.5,1158.4,1158.4","1158.0,1159.9,1157.6,1158.4","1159.0,1159.5,1156.5,1157.7","1158.1,1162.8,1158.0,1162.8","1162.6,1164.8,1162.6,1164.8","1164.8,1166.5,1164.5,1166.2","1166.1,1166.1,1162.8,1162.8","1163.0,1164.3,1162.3,1163.4","1164.2,1165.0,1163.4,1163.4","1163.0,1163.5,1161.1,1161.1","1164.0,1164.0,1159.0,1163.8,1163.1,1163.5,1158.4,1158.4,1158.0,1159.9,1157.6,1158.4,1159.0,1159.5,1156.5,1157.7,1158.1,1162.8,1158.0,1162.8,1162.6,1164.8,1162.6,1164.8,1164.8,1166.5,1164.5,1166.2,1166.1,1166.1,1162.8,1162.8,1163.0,1164.3,1162.3,1163.4,1164.2,1165.0,1163.4,1163.4,1163.0,1163.5,1161.1,1161.1","[['1164.0', '1164.0', '1159.0', '1163.8'], ['1163.1', '1163.5', '1158.4', '1158.4'], ['1158.0', '1159.9', '1157.6', '1158.4'], ['1159.0', '1159.5', '1156.5', '1157.7'], ['1158.1', '1162.8', '1158.0', '1162.8'], ['1162.6', '1164.8', '1162.6', '1164.8'], ['1164.8', '1166.5', '1164.5', '1166.2'], ['1166.1', '1166.1', '1162.8', '1162.8'], ['1163.0', '1164.3', '1162.3', '1163.4'], ['1164.2', '1165.0', '1163.4', '1163.4'], ['1163.0', '1163.5', '1161.1', '1161.1']]","(1163.5672399999999, -0.02000000000000846, 0.02, '1158.4')",0.6272555421893757,0.23199862519333608,1163.56724,-0.0200000000000084,0.02,1158.4
7895,2021-03-17T19:35:00,1158.5,1158.5,1154.4,1157.6,4.099999999999909,"1158.5,1158.5,1154.4,1157.6","1158.0,1161.1,1158.0,1159.5","1160.0,1160.6,1159.0,1159.0","1159.0,1161.2,1159.0,1160.6","1160.6,1161.5,1159.9,1160.7","1160.5,1161.4,1159.0,1159.5","1159.5,1159.5,1158.5,1158.6","1158.5,1159.5,1158.5,1159.0","1158.8,1160.0,1158.8,1159.3","1159.7,1160.0,1159.4,1160.0","1159.5,1159.6,1157.1,1157.4","1158.5,1158.5,1154.4,1157.6,1158.0,1161.1,1158.0,1159.5,1160.0,1160.6,1159.0,1159.0,1159.0,1161.2,1159.0,1160.6,1160.6,1161.5,1159.9,1160.7,1160.5,1161.4,1159.0,1159.5,1159.5,1159.5,1158.5,1158.6,1158.5,1159.5,1158.5,1159.0,1158.8,1160.0,1158.8,1159.3,1159.7,1160.0,1159.4,1160.0,1159.5,1159.6,1157.1,1157.4","[['1158.5', '1158.5', '1154.4', '1157.6'], ['1158.0', '1161.1', '1158.0', '1159.5'], ['1160.0', '1160.6', '1159.0', '1159.0'], ['1159.0', '1161.2', '1159.0', '1160.6'], ['1160.6', '1161.5', '1159.9', '1160.7'], ['1160.5', '1161.4', '1159.0', '1159.5'], ['1159.5', '1159.5', '1158.5', '1158.6'], ['1158.5', '1159.5', '1158.5', '1159.0'], ['1158.8', '1160.0', '1158.8', '1159.3'], ['1159.7', '1160.0', '1159.4', '1160.0'], ['1159.5', '1159.6', '1157.1', '1157.4']]","(1157.83152, 0.020000000000003966, 0.02, 0)",0.04319281271596406,0.33690393918452755,1157.83152,0.0200000000000039,0.02,0.0
8554,2021-03-23T16:30:00,1188.5,1188.9,1185.4,1187.9,3.5,"1188.5,1188.9,1185.4,1187.9","1186.0,1187.5,1186.0,1186.4","1186.7,1187.2,1186.6,1186.8","1187.5,1188.8,1187.5,1187.9","1187.5,1188.2,1187.5,1188.1","1187.5,1188.0,1187.3,1187.6","1187.8,1189.1,1187.6,1188.0","1188.2,1189.0,1187.6,1187.6","1188.4,1189.3,1188.4,1189.3","1189.5,1189.5,1187.9,1187.9","1187.6,1188.8,1187.5,1187.5","1188.5,1188.9,1185.4,1187.9,1186.0,1187.5,1186.0,1186.4,1186.7,1187.2,1186.6,1186.8,1187.5,1188.8,1187.5,1187.9,1187.5,1188.2,1187.5,1188.1,1187.5,1188.0,1187.3,1187.6,1187.8,1189.1,1187.6,1188.0,1188.2,1189.0,1187.6,1187.6,1188.4,1189.3,1188.4,1189.3,1189.5,1189.5,1187.9,1187.9,1187.6,1188.8,1187.5,1187.5","[['1188.5', '1188.9', '1185.4', '1187.9'], ['1186.0', '1187.5', '1186.0', '1186.4'], ['1186.7', '1187.2', '1186.6', '1186.8'], ['1187.5', '1188.8', '1187.5', '1187.9'], ['1187.5', '1188.2', '1187.5', '1188.1'], ['1187.5', '1188.0', '1187.3', '1187.6'], ['1187.8', '1189.1', '1187.6', '1188.0'], ['1188.2', '1189.0', '1187.6', '1187.6'], ['1188.4', '1189.3', '1188.4', '1189.3'], ['1189.5', '1189.5', '1187.9', '1187.9'], ['1187.6', '1188.8', '1187.5', '1187.5']]","(1187.66242, -0.019999999999998307, 0.02, '1186.0')",0.10943682128126794,0.13469147234614942,1187.66242,-0.0199999999999983,0.02,1186.0
8629,2021-03-23T22:45:00,1150.3,1150.3,1147.2,1149.8,3.099999999999909,"1150.3,1150.3,1147.2,1149.8","1150.3,1150.3,1148.7,1148.7","1148.7,1149.5,1146.0,1147.0","1146.5,1149.0,1146.5,1148.0","1147.4,1148.6,1146.3,1147.9","1147.7,1149.0,1147.2,1148.6","1148.4,1150.5,1146.7,1150.0","1150.3,1150.5,1148.9,1149.2","1149.3,1150.5,1149.0,1150.5","1152.9,1153.0,1150.5,1151.7","1152.2,1152.4,1151.3,1151.5","1150.3,1150.3,1147.2,1149.8,1150.3,1150.3,1148.7,1148.7,1148.7,1149.5,1146.0,1147.0,1146.5,1149.0,1146.5,1148.0,1147.4,1148.6,1146.3,1147.9,1147.7,1149.0,1147.2,1148.6,1148.4,1150.5,1146.7,1150.0,1150.3,1150.5,1148.9,1149.2,1149.3,1150.5,1149.0,1150.5,1152.9,1153.0,1150.5,1151.7,1152.2,1152.4,1151.3,1151.5","[['1150.3', '1150.3', '1147.2', '1149.8'], ['1150.3', '1150.3', '1148.7', '1148.7'], ['1148.7', '1149.5', '1146.0', '1147.0'], ['1146.5', '1149.0', '1146.5', '1148.0'], ['1147.4', '1148.6', '1146.3', '1147.9'], ['1147.7', '1149.0', '1147.2', '1148.6'], ['1148.4', '1150.5', '1146.7', '1150.0'], ['1150.3', '1150.5', '1148.9', '1149.2'], ['1149.3', '1150.5', '1149.0', '1150.5'], ['1152.9', '1153.0', '1150.5', '1151.7'], ['1152.2', '1152.4', '1151.3', '1151.5']]","(1150.0299599999998, 0.01999999999999059, 0.02, 0)",0.33049225952339145,0.27830927117760007,1150.0299599999998,0.0199999999999905,0.02,0.0
8946,2021-03-25T21:40:00,1230.4,1231.1,1227.0,1231.1,4.099999999999909,"1230.4,1231.1,1227.0,1231.1","1229.1,1231.1,1229.1,1231.1","1231.1,1231.1,1227.1,1227.1","1230.1,1230.1,1223.1,1223.1","1224.9,1228.0,1217.7,1226.0","1228.0,1233.9,1224.2,1228.0","1228.0,1229.0,1224.0,1224.0","1228.7,1230.4,1227.0,1228.0","1228.0,1228.7,1226.0,1226.0","1229.3,1229.3,1227.1,1228.1","1231.9,1232.8,1229.8,1229.8","1230.4,1231.1,1227.0,1231.1,1229.1,1231.1,1229.1,1231.1,1231.1,1231.1,1227.1,1227.1,1230.1,1230.1,1223.1,1223.1,1224.9,1228.0,1217.7,1226.0,1228.0,1233.9,1224.2,1228.0,1228.0,1229.0,1224.0,1224.0,1228.7,1230.4,1227.0,1228.0,1228.0,1228.7,1226.0,1226.0,1229.3,1229.3,1227.1,1228.1,1231.9,1232.8,1229.8,1229.8","[['1230.4', '1231.1', '1227.0', '1231.1'], ['1229.1', '1231.1', '1229.1', '1231.1'], ['1231.1', '1231.1', '1227.1', '1227.1'], ['1230.1', '1230.1', '1223.1', '1223.1'], ['1224.9', '1228.0', '1217.7', '1226.0'], ['1228.0', '1233.9', '1224.2', '1228.0'], ['1228.0', '1229.0', '1224.0', '1224.0'], ['1228.7', '1230.4', '1227.0', '1228.0'], ['1228.0', '1228.7', '1226.0', '1226.0'], ['1229.3', '1229.3', '1227.1', '1228.1'], ['1231.9', '1232.8', '1229.8', '1229.8']]","(1230.85378, -0.019999999999999504, 0.02, '1229.1')",1.088457477053031,0.22743887580214295,1230.85378,-0.0199999999999995,0.02,1229.1
8981,2021-03-26T13:00:00,1200.0,1200.6,1197.4,1200.2,3.199999999999818,"1200.0,1200.6,1197.4,1200.2","1201.0,1201.0,1201.0,1201.0","1208.0,1208.0,1208.0,1208.0","1206.0,1206.0,1202.0,1202.0","1206.0,1206.0,1206.0,1206.0","1206.0,1206.0,1206.0,1206.0","1205.5,1205.9,1205.5,1205.9","1204.2,1204.2,1204.2,1204.2","1202.5,1202.5,1202.5,1202.5","1202.6,1202.6,1202.6,1202.6","1215.0,1215.0,1215.0,1215.0","1200.0,1200.6,1197.4,1200.2,1201.0,1201.0,1201.0,1201.0,1208.0,1208.0,1208.0,1208.0,1206.0,1206.0,1202.0,1202.0,1206.0,1206.0,1206.0,1206.0,1206.0,1206.0,1206.0,1206.0,1205.5,1205.9,1205.5,1205.9,1204.2,1204.2,1204.2,1204.2,1202.5,1202.5,1202.5,1202.5,1202.6,1202.6,1202.6,1202.6,1215.0,1215.0,1215.0,1215.0","[['1200.0', '1200.6', '1197.4', '1200.2'], ['1201.0', '1201.0', '1201.0', '1201.0'], ['1208.0', '1208.0', '1208.0', '1208.0'], ['1206.0', '1206.0', '1202.0', '1202.0'], ['1206.0', '1206.0', '1206.0', '1206.0'], ['1206.0', '1206.0', '1206.0', '1206.0'], ['1205.5', '1205.9', '1205.5', '1205.9'], ['1204.2', '1204.2', '1204.2', '1204.2'], ['1202.5', '1202.5', '1202.5', '1202.5'], ['1202.6', '1202.6', '1202.6', '1202.6'], ['1215.0', '1215.0', '1215.0', '1215.0']]","(1200.44004, 0.019999999999992343, 0.02, 0)",0.0,1.2331278120313243,1200.44004,0.0199999999999923,0.02,0.0
9246,2021-04-05T13:40:00,1204.3,1204.3,1200.6,1203.3,3.7000000000000455,"1204.3,1204.3,1200.6,1203.3","1204.0,1204.5,1203.6,1204.5","1205.0,1205.5,1205.0,1205.4","1205.0,1205.0,1204.6,1204.6","1205.0,1207.9,1205.0,1207.0","1207.2,1207.4,1206.3,1207.3","1207.3,1207.4,1206.5,1206.5","1207.2,1208.0,1206.6,1208.0","1208.0,1208.0,1207.0,1207.0","1207.5,1207.8,1207.0,1207.5","1207.5,1207.5,1206.1,1206.2","1204.3,1204.3,1200.6,1203.3,1204.0,1204.5,1203.6,1204.5,1205.0,1205.5,1205.0,1205.4,1205.0,1205.0,1204.6,1204.6,1205.0,1207.9,1205.0,1207.0,1207.2,1207.4,1206.3,1207.3,1207.3,1207.4,1206.5,1206.5,1207.2,1208.0,1206.6,1208.0,1208.0,1208.0,1207.0,1207.0,1207.5,1207.8,1207.0,1207.5,1207.5,1207.5,1206.1,1206.2","[['1204.3', '1204.3', '1200.6', '1203.3'], ['1204.0', '1204.5', '1203.6', '1204.5'], ['1205.0', '1205.5', '1205.0', '1205.4'], ['1205.0', '1205.0', '1204.6', '1204.6'], ['1205.0', '1207.9', '1205.0', '1207.0'], ['1207.2', '1207.4', '1206.3', '1207.3'], ['1207.3', '1207.4', '1206.5', '1206.5'], ['1207.2', '1208.0', '1206.6', '1208.0'], ['1208.0', '1208.0', '1207.0', '1207.0'], ['1207.5', '1207.8', '1207.0', '1207.5'], ['1207.5', '1207.5', '1206.1', '1206.2']]","(1203.54066, 0.019999999999994546, 0.02, 0)",0.0,0.3905925371893996,1203.54066,0.0199999999999945,0.02,0.0
9478,2021-04-06T18:30:00,1234.9,1235.2,1232.1,1235.1,3.1000000000001364,"1234.9,1235.2,1232.1,1235.1","1234.9,1235.8,1234.4,1234.5","1234.5,1235.7,1234.4,1234.4","1234.1,1234.3,1233.5,1233.9","1233.5,1234.2,1233.1,1233.1","1233.2,1233.9,1233.1,1233.9","1234.4,1234.4,1233.6,1234.3","1234.2,1235.7,1234.2,1235.7","1235.4,1235.4,1233.6,1234.1","1234.7,1234.9,1232.9,1232.9","1232.9,1234.0,1232.9,1234.0","1234.9,1235.2,1232.1,1235.1,1234.9,1235.8,1234.4,1234.5,1234.5,1235.7,1234.4,1234.4,1234.1,1234.3,1233.5,1233.9,1233.5,1234.2,1233.1,1233.1,1233.2,1233.9,1233.1,1233.9,1234.4,1234.4,1233.6,1234.3,1234.2,1235.7,1234.2,1235.7,1235.4,1235.4,1233.6,1234.1,1234.7,1234.9,1232.9,1232.9,1232.9,1234.0,1232.9,1234.0","[['1234.9', '1235.2', '1232.1', '1235.1'], ['1234.9', '1235.8', '1234.4', '1234.5'], ['1234.5', '1235.7', '1234.4', '1234.4'], ['1234.1', '1234.3', '1233.5', '1233.9'], ['1233.5', '1234.2', '1233.1', '1233.1'], ['1233.2', '1233.9', '1233.1', '1233.9'], ['1234.4', '1234.4', '1233.6', '1234.3'], ['1234.2', '1235.7', '1234.2', '1235.7'], ['1235.4', '1235.4', '1233.6', '1234.1'], ['1234.7', '1234.9', '1232.9', '1232.9'], ['1232.9', '1234.0', '1232.9', '1234.0']]","(1235.34702, 0.020000000000001655, 0.02, 0)",0.1781232288883344,0.04857906242410626,1235.34702,0.0200000000000016,0.02,0.0
10510,2021-04-15T11:00:00,1225.6,1226.5,1223.4,1226.0,3.099999999999909,"1225.6,1226.5,1223.4,1226.0","1226.3,1227.1,1225.7,1226.4","1226.3,1226.7,1225.2,1225.6","1225.7,1226.4,1225.4,1226.2","1226.2,1226.2,1225.1,1225.5","1225.3,1226.5,1225.3,1226.1","1226.7,1227.4,1226.0,1226.5","1226.8,1226.9,1226.1,1226.3","1226.0,1226.9,1225.4,1225.4","1225.9,1226.5,1225.9,1226.5","1226.9,1227.2,1226.0,1226.0","1225.6,1226.5,1223.4,1226.0,1226.3,1227.1,1225.7,1226.4,1226.3,1226.7,1225.2,1225.6,1225.7,1226.4,1225.4,1226.2,1226.2,1226.2,1225.1,1225.5,1225.3,1226.5,1225.3,1226.1,1226.7,1227.4,1226.0,1226.5,1226.8,1226.9,1226.1,1226.3,1226.0,1226.9,1225.4,1225.4,1225.9,1226.5,1225.9,1226.5,1226.9,1227.2,1226.0,1226.0","[['1225.6', '1226.5', '1223.4', '1226.0'], ['1226.3', '1227.1', '1225.7', '1226.4'], ['1226.3', '1226.7', '1225.2', '1225.6'], ['1225.7', '1226.4', '1225.4', '1226.2'], ['1226.2', '1226.2', '1225.1', '1225.5'], ['1225.3', '1226.5', '1225.3', '1226.1'], ['1226.7', '1227.4', '1226.0', '1226.5'], ['1226.8', '1226.9', '1226.1', '1226.3'], ['1226.0', '1226.9', '1225.4', '1225.4'], ['1225.9', '1226.5', '1225.9', '1226.5'], ['1226.9', '1227.2', '1226.0', '1226.0']]","(1226.2452, 0.020000000000005548, 0.02, 0)",0.07340946166395522,0.114192495921704,1226.2452,0.0200000000000055,0.02,0.0
10833,2021-04-19T09:00:00,1216.4,1217.1,1213.4,1216.8,3.699999999999818,"1216.4,1217.1,1213.4,1216.8","1216.3,1216.9,1216.3,1216.9","1216.8,1217.4,1216.3,1216.3","1216.5,1216.9,1216.4,1216.4","1216.8,1217.8,1216.8,1217.5","1218.2,1218.9,1218.1,1218.3","1218.6,1218.6,1217.7,1218.4","1218.3,1219.4,1218.3,1218.5","1218.8,1218.9,1218.5,1218.9","1218.9,1219.0,1218.3,1218.3","1218.6,1220.0,1218.4,1219.2","1216.4,1217.1,1213.4,1216.8,1216.3,1216.9,1216.3,1216.9,1216.8,1217.4,1216.3,1216.3,1216.5,1216.9,1216.4,1216.4,1216.8,1217.8,1216.8,1217.5,1218.2,1218.9,1218.1,1218.3,1218.6,1218.6,1217.7,1218.4,1218.3,1219.4,1218.3,1218.5,1218.8,1218.9,1218.5,1218.9,1218.9,1219.0,1218.3,1218.3,1218.6,1220.0,1218.4,1219.2","[['1216.4', '1217.1', '1213.4', '1216.8'], ['1216.3', '1216.9', '1216.3', '1216.9'], ['1216.8', '1217.4', '1216.3', '1216.3'], ['1216.5', '1216.9', '1216.4', '1216.4'], ['1216.8', '1217.8', '1216.8', '1217.5'], ['1218.2', '1218.9', '1218.1', '1218.3'], ['1218.6', '1218.6', '1217.7', '1218.4'], ['1218.3', '1219.4', '1218.3', '1218.5'], ['1218.8', '1218.9', '1218.5', '1218.9'], ['1218.9', '1219.0', '1218.3', '1218.3'], ['1218.6', '1220.0', '1218.4', '1219.2']]","(1216.55664, -0.019999999999994966, 0.02, '1216.3')",0.0410913872452334,0.2629848783694975,1216.55664,-0.0199999999999949,0.02,1216.3
10935,2021-04-19T17:30:00,1220.3,1220.3,1215.4,1219.0,4.899999999999864,"1220.3,1220.3,1215.4,1219.0","1218.6,1219.2,1217.0,1218.9","1219.2,1219.2,1217.4,1218.1","1217.8,1218.3,1216.2,1217.0","1216.5,1217.6,1216.5,1217.5","1217.8,1219.4,1217.8,1219.3","1219.3,1219.9,1218.5,1219.9","1219.8,1220.5,1219.8,1220.5","1220.5,1221.0,1219.6,1219.8","1220.0,1220.4,1219.9,1220.4","1220.3,1221.2,1220.1,1221.0","1220.3,1220.3,1215.4,1219.0,1218.6,1219.2,1217.0,1218.9,1219.2,1219.2,1217.4,1218.1,1217.8,1218.3,1216.2,1217.0,1216.5,1217.6,1216.5,1217.5,1217.8,1219.4,1217.8,1219.3,1219.3,1219.9,1218.5,1219.9,1219.8,1220.5,1219.8,1220.5,1220.5,1221.0,1219.6,1219.8,1220.0,1220.4,1219.9,1220.4,1220.3,1221.2,1220.1,1221.0","[['1220.3', '1220.3', '1215.4', '1219.0'], ['1218.6', '1219.2', '1217.0', '1218.9'], ['1219.2', '1219.2', '1217.4', '1218.1'], ['1217.8', '1218.3', '1216.2', '1217.0'], ['1216.5', '1217.6', '1216.5', '1217.5'], ['1217.8', '1219.4', '1217.8', '1219.3'], ['1219.3', '1219.9', '1218.5', '1219.9'], ['1219.8', '1220.5', '1219.8', '1220.5'], ['1220.5', '1221.0', '1219.6', '1219.8'], ['1220.0', '1220.4', '1219.9', '1220.4'], ['1220.3', '1221.2', '1220.1', '1221.0']]","(1218.7562, -0.019999999999997107, 0.02, '1217.0')",0.22969647251845404,0.1804757998359348,1218.7562,-0.0199999999999971,0.02,1217.0
11007,2021-04-20T09:00:00,1219.7,1220.3,1217.0,1219.7,3.2999999999999545,"1219.7,1220.3,1217.0,1219.7","1219.2,1219.9,1218.5,1219.0","1219.1,1220.0,1219.1,1219.3","1219.0,1219.0,1218.5,1218.5","1218.5,1218.8,1218.0,1218.1","1218.5,1219.0,1218.1,1218.5","1218.6,1219.0,1218.2,1218.2","1218.6,1219.9,1218.6,1219.9","1219.9,1219.9,1219.4,1219.8","1219.9,1221.0,1219.6,1221.0","1220.6,1222.1,1220.6,1221.9","1219.7,1220.3,1217.0,1219.7,1219.2,1219.9,1218.5,1219.0,1219.1,1220.0,1219.1,1219.3,1219.0,1219.0,1218.5,1218.5,1218.5,1218.8,1218.0,1218.1,1218.5,1219.0,1218.1,1218.5,1218.6,1219.0,1218.2,1218.2,1218.6,1219.9,1218.6,1219.9,1219.9,1219.9,1219.4,1219.8,1219.9,1221.0,1219.6,1221.0,1220.6,1222.1,1220.6,1221.9","[['1219.7', '1220.3', '1217.0', '1219.7'], ['1219.2', '1219.9', '1218.5', '1219.0'], ['1219.1', '1220.0', '1219.1', '1219.3'], ['1219.0', '1219.0', '1218.5', '1218.5'], ['1218.5', '1218.8', '1218.0', '1218.1'], ['1218.5', '1219.0', '1218.1', '1218.5'], ['1218.6', '1219.0', '1218.2', '1218.2'], ['1218.6', '1219.9', '1218.6', '1219.9'], ['1219.9', '1219.9', '1219.4', '1219.8'], ['1219.9', '1221.0', '1219.6', '1221.0'], ['1220.6', '1222.1', '1220.6', '1221.9']]","(1219.45606, -0.020000000000005413, 0.02, '1218.5')",0.13937853570550507,0.19676969746657896,1219.45606,-0.0200000000000054,0.02,1218.5
11167,2021-04-20T22:20:00,1204.6,1205.3,1202.1,1205.1,3.2000000000000455,"1204.6,1205.3,1202.1,1205.1","1204.6,1205.7,1203.7,1204.5","1204.5,1204.7,1203.0,1204.1","1203.9,1204.9,1203.7,1204.8","1204.8,1204.9,1203.9,1204.9","1204.9,1206.3,1204.9,1205.2","1205.0,1205.6,1204.3,1205.0","1204.2,1204.9,1203.5,1203.8","1204.6,1205.2,1203.9,1204.5","1204.1,1204.8,1203.6,1204.6","1205.0,1207.9,1205.0,1207.8","1204.6,1205.3,1202.1,1205.1,1204.6,1205.7,1203.7,1204.5,1204.5,1204.7,1203.0,1204.1,1203.9,1204.9,1203.7,1204.8,1204.8,1204.9,1203.9,1204.9,1204.9,1206.3,1204.9,1205.2,1205.0,1205.6,1204.3,1205.0,1204.2,1204.9,1203.5,1203.8,1204.6,1205.2,1203.9,1204.5,1204.1,1204.8,1203.6,1204.6,1205.0,1207.9,1205.0,1207.8","[['1204.6', '1205.3', '1202.1', '1205.1'], ['1204.6', '1205.7', '1203.7', '1204.5'], ['1204.5', '1204.7', '1203.0', '1204.1'], ['1203.9', '1204.9', '1203.7', '1204.8'], ['1204.8', '1204.9', '1203.9', '1204.9'], ['1204.9', '1206.3', '1204.9', '1205.2'], ['1205.0', '1205.6', '1204.3', '1205.0'], ['1204.2', '1204.9', '1203.5', '1203.8'], ['1204.6', '1205.2', '1203.9', '1204.5'], ['1204.1', '1204.8', '1203.6', '1204.6'], ['1205.0', '1207.9', '1205.0', '1207.8']]","(1205.3410199999998, 0.019999999999994605, 0.02, 0)",0.1742593975603609,0.23234586341383967,1205.3410199999998,0.0199999999999946,0.02,0.0
11667,2021-04-26T18:55:00,1244.0,1244.2,1241.0,1243.7,3.2000000000000455,"1244.0,1244.2,1241.0,1243.7","1243.7,1245.1,1243.1,1245.1","1245.0,1245.0,1244.0,1244.2","1244.2,1244.2,1241.5,1243.5","1244.2,1244.2,1244.2,1244.2","1242.2,1242.2,1240.3,1240.3","1242.4,1242.4,1242.4,1242.4","1244.0,1244.7,1244.0,1244.5","1245.0,1245.0,1243.5,1243.9","1243.9,1244.0,1242.6,1243.5","1243.5,1243.5,1243.5,1243.5","1244.0,1244.2,1241.0,1243.7,1243.7,1245.1,1243.1,1245.1,1245.0,1245.0,1244.0,1244.2,1244.2,1244.2,1241.5,1243.5,1244.2,1244.2,1244.2,1244.2,1242.2,1242.2,1240.3,1240.3,1242.4,1242.4,1242.4,1242.4,1244.0,1244.7,1244.0,1244.5,1245.0,1245.0,1243.5,1243.9,1243.9,1244.0,1242.6,1243.5,1243.5,1243.5,1243.5,1243.5","[['1244.0', '1244.2', '1241.0', '1243.7'], ['1243.7', '1245.1', '1243.1', '1245.1'], ['1245.0', '1245.0', '1244.0', '1244.2'], ['1244.2', '1244.2', '1241.5', '1243.5'], ['1244.2', '1244.2', '1244.2', '1244.2'], ['1242.2', '1242.2', '1240.3', '1240.3'], ['1242.4', '1242.4', '1242.4', '1242.4'], ['1244.0', '1244.7', '1244.0', '1244.5'], ['1245.0', '1245.0', '1243.5', '1243.9'], ['1243.9', '1244.0', '1242.6', '1243.5'], ['1243.5', '1243.5', '1243.5', '1243.5']]","(1243.94874, 0.019999999999999837, 0.02, 0)",0.27337782423414736,0.10452681514834401,1243.94874,0.0199999999999998,0.02,0.0
11710,2021-04-27T09:50:00,1259.2,1260.0,1256.9,1260.0,3.099999999999909,"1259.2,1260.0,1256.9,1260.0","1260.0,1260.0,1260.0,1260.0","1258.4,1258.4,1258.4,1258.4","1260.0,1260.0,1260.0,1260.0","1264.5,1264.5,1264.5,1264.5","1267.3,1267.3,1265.0,1265.0","1262.0,1262.0,1261.0,1261.0","1268.0,1268.0,1268.0,1268.0","1268.0,1268.0,1268.0,1268.0","1266.1,1266.1,1266.1,1266.1","1266.1,1266.1,1266.1,1266.1","1259.2,1260.0,1256.9,1260.0,1260.0,1260.0,1260.0,1260.0,1258.4,1258.4,1258.4,1258.4,1260.0,1260.0,1260.0,1260.0,1264.5,1264.5,1264.5,1264.5,1267.3,1267.3,1265.0,1265.0,1262.0,1262.0,1261.0,1261.0,1268.0,1268.0,1268.0,1268.0,1268.0,1268.0,1268.0,1268.0,1266.1,1266.1,1266.1,1266.1,1266.1,1266.1,1266.1,1266.1","[['1259.2', '1260.0', '1256.9', '1260.0'], ['1260.0', '1260.0', '1260.0', '1260.0'], ['1258.4', '1258.4', '1258.4', '1258.4'], ['1260.0', '1260.0', '1260.0', '1260.0'], ['1264.5', '1264.5', '1264.5', '1264.5'], ['1267.3', '1267.3', '1265.0', '1265.0'], ['1262.0', '1262.0', '1261.0', '1261.0'], ['1268.0', '1268.0', '1268.0', '1268.0'], ['1268.0', '1268.0', '1268.0', '1268.0'], ['1266.1', '1266.1', '1266.1', '1266.1'], ['1266.1', '1266.1', '1266.1', '1266.1']]","(1259.748, -0.019999999999996246, 0.02, '1258.4')",0.12698412698411976,0.6349206349206349,1259.748,-0.0199999999999962,0.02,1258.4
13081,2021-05-12T18:30:00,1315.3,1315.9,1311.0,1314.5,4.900000000000091,"1315.3,1315.9,1311.0,1314.5","1314.1,1316.1,1310.3,1311.2","1311.2,1313.6,1310.1,1310.2","1310.5,1310.8,1308.6,1309.0","1309.2,1310.3,1308.3,1310.3","1310.3,1310.3,1308.0,1309.9","1310.0,1312.4,1309.9,1311.7","1311.3,1311.8,1309.6,1310.5","1311.2,1314.8,1311.2,1314.1","1314.0,1315.5,1313.0,1313.8","1313.8,1317.0,1313.5,1315.5","1315.3,1315.9,1311.0,1314.5,1314.1,1316.1,1310.3,1311.2,1311.2,1313.6,1310.1,1310.2,1310.5,1310.8,1308.6,1309.0,1309.2,1310.3,1308.3,1310.3,1310.3,1310.3,1308.0,1309.9,1310.0,1312.4,1309.9,1311.7,1311.3,1311.8,1309.6,1310.5,1311.2,1314.8,1311.2,1314.1,1314.0,1315.5,1313.0,1313.8,1313.8,1317.0,1313.5,1315.5","[['1315.3', '1315.9', '1311.0', '1314.5'], ['1314.1', '1316.1', '1310.3', '1311.2'], ['1311.2', '1313.6', '1310.1', '1310.2'], ['1310.5', '1310.8', '1308.6', '1309.0'], ['1309.2', '1310.3', '1308.3', '1310.3'], ['1310.3', '1310.3', '1308.0', '1309.9'], ['1310.0', '1312.4', '1309.9', '1311.7'], ['1311.3', '1311.8', '1309.6', '1310.5'], ['1311.2', '1314.8', '1311.2', '1314.1'], ['1314.0', '1315.5', '1313.0', '1313.8'], ['1313.8', '1317.0', '1313.5', '1315.5']]","(1314.7629, 0.01999999999999582, 0.02, 0)",0.49448459490300495,0.1901863826550019,1314.7629,0.0199999999999958,0.02,0.0
13128,2021-05-12T22:25:00,1314.4,1315.1,1312.0,1315.1,3.099999999999909,"1314.4,1315.1,1312.0,1315.1","1315.3,1315.8,1314.5,1315.7","1315.7,1315.8,1313.0,1313.0","1313.2,1315.7,1312.6,1315.7","1315.7,1315.9,1313.6,1314.2","1313.8,1315.0,1313.4,1313.9","1314.3,1314.7,1314.0,1314.2","1314.3,1314.6,1313.4,1313.4","1314.0,1315.6,1313.7,1315.3","1314.9,1315.6,1314.1,1315.4","1315.2,1315.4,1313.8,1314.0","1314.4,1315.1,1312.0,1315.1,1315.3,1315.8,1314.5,1315.7,1315.7,1315.8,1313.0,1313.0,1313.2,1315.7,1312.6,1315.7,1315.7,1315.9,1313.6,1314.2,1313.8,1315.0,1313.4,1313.9,1314.3,1314.7,1314.0,1314.2,1314.3,1314.6,1313.4,1313.4,1314.0,1315.6,1313.7,1315.3,1314.9,1315.6,1314.1,1315.4,1315.2,1315.4,1313.8,1314.0","[['1314.4', '1315.1', '1312.0', '1315.1'], ['1315.3', '1315.8', '1314.5', '1315.7'], ['1315.7', '1315.8', '1313.0', '1313.0'], ['1313.2', '1315.7', '1312.6', '1315.7'], ['1315.7', '1315.9', '1313.6', '1314.2'], ['1313.8', '1315.0', '1313.4', '1313.9'], ['1314.3', '1314.7', '1314.0', '1314.2'], ['1314.3', '1314.6', '1313.4', '1313.4'], ['1314.0', '1315.6', '1313.7', '1315.3'], ['1314.9', '1315.6', '1314.1', '1315.4'], ['1315.2', '1315.4', '1313.8', '1314.0']]","(1315.36302, 0.020000000000007366, 0.02, 0)",0.19009961219679114,0.06083187590298699,1315.36302,0.0200000000000073,0.02,0.0
13219,2021-05-14T09:00:00,1274.7,1276.1,1270.6,1275.9,5.5,"1274.7,1276.1,1270.6,1275.9","1275.8,1275.9,1274.1,1274.2","1274.4,1275.0,1274.0,1274.6","1274.7,1275.1,1274.4,1274.9","1274.7,1275.1,1274.4,1274.6","1274.9,1275.0,1273.8,1274.2","1274.0,1274.2,1273.0,1273.3","1273.5,1273.6,1273.2,1273.3","1273.3,1273.9,1273.3,1273.6","1273.6,1273.6,1273.0,1273.2","1273.4,1273.4,1272.8,1272.8","1274.7,1276.1,1270.6,1275.9,1275.8,1275.9,1274.1,1274.2,1274.4,1275.0,1274.0,1274.6,1274.7,1275.1,1274.4,1274.9,1274.7,1275.1,1274.4,1274.6,1274.9,1275.0,1273.8,1274.2,1274.0,1274.2,1273.0,1273.3,1273.5,1273.6,1273.2,1273.3,1273.3,1273.9,1273.3,1273.6,1273.6,1273.6,1273.0,1273.2,1273.4,1273.4,1272.8,1272.8","[['1274.7', '1276.1', '1270.6', '1275.9'], ['1275.8', '1275.9', '1274.1', '1274.2'], ['1274.4', '1275.0', '1274.0', '1274.6'], ['1274.7', '1275.1', '1274.4', '1274.9'], ['1274.7', '1275.1', '1274.4', '1274.6'], ['1274.9', '1275.0', '1273.8', '1274.2'], ['1274.0', '1274.2', '1273.0', '1273.3'], ['1273.5', '1273.6', '1273.2', '1273.3'], ['1273.3', '1273.9', '1273.3', '1273.6'], ['1273.6', '1273.6', '1273.0', '1273.2'], ['1273.4', '1273.4', '1272.8', '1272.8']]","(1275.64482, -0.020000000000008573, 0.02, '1274.1')",0.24296574966691248,0.0,1275.64482,-0.0200000000000085,0.02,1274.1
13507,2021-05-17T18:30:00,1302.2,1302.2,1299.0,1301.6,3.2000000000000455,"1302.2,1302.2,1299.0,1301.6","1301.6,1304.7,1301.6,1304.2","1304.0,1305.9,1304.0,1305.6","1305.3,1305.3,1303.0,1304.5","1304.8,1305.5,1304.6,1305.4","1305.0,1305.2,1303.0,1304.3","1304.8,1305.5,1304.6,1305.5","1305.6,1307.0,1304.8,1305.7","1305.7,1306.0,1302.2,1303.2","1303.5,1305.6,1303.2,1305.6","1305.5,1305.6,1304.2,1305.5","1302.2,1302.2,1299.0,1301.6,1301.6,1304.7,1301.6,1304.2,1304.0,1305.9,1304.0,1305.6,1305.3,1305.3,1303.0,1304.5,1304.8,1305.5,1304.6,1305.4,1305.0,1305.2,1303.0,1304.3,1304.8,1305.5,1304.6,1305.5,1305.6,1307.0,1304.8,1305.7,1305.7,1306.0,1302.2,1303.2,1303.5,1305.6,1303.2,1305.6,1305.5,1305.6,1304.2,1305.5","[['1302.2', '1302.2', '1299.0', '1301.6'], ['1301.6', '1304.7', '1301.6', '1304.2'], ['1304.0', '1305.9', '1304.0', '1305.6'], ['1305.3', '1305.3', '1303.0', '1304.5'], ['1304.8', '1305.5', '1304.6', '1305.4'], ['1305.0', '1305.2', '1303.0', '1304.3'], ['1304.8', '1305.5', '1304.6', '1305.5'], ['1305.6', '1307.0', '1304.8', '1305.7'], ['1305.7', '1306.0', '1302.2', '1303.2'], ['1303.5', '1305.6', '1303.2', '1305.6'], ['1305.5', '1305.6', '1304.2', '1305.5']]","(1301.86032, 0.020000000000007106, 0.02, 0)",0.0,0.41487400122926327,1301.86032,0.0200000000000071,0.02,0.0
13876,2021-05-19T20:15:00,1277.0,1277.1,1273.4,1276.3,3.699999999999818,"1277.0,1277.1,1273.4,1276.3","1276.4,1277.8,1274.5,1277.0","1276.7,1277.1,1274.7,1276.2","1275.1,1275.1,1271.2,1273.1","1273.1,1275.3,1272.9,1275.2","1275.3,1275.3,1273.6,1274.2","1274.5,1275.0,1274.2,1274.6","1274.9,1275.9,1274.9,1275.5","1275.9,1275.9,1274.4,1274.5","1274.5,1275.4,1274.0,1275.0","1274.8,1275.5,1274.4,1274.8","1277.0,1277.1,1273.4,1276.3,1276.4,1277.8,1274.5,1277.0,1276.7,1277.1,1274.7,1276.2,1275.1,1275.1,1271.2,1273.1,1273.1,1275.3,1272.9,1275.2,1275.3,1275.3,1273.6,1274.2,1274.5,1275.0,1274.2,1274.6,1274.9,1275.9,1274.9,1275.5,1275.9,1275.9,1274.4,1274.5,1274.5,1275.4,1274.0,1275.0,1274.8,1275.5,1274.4,1274.8","[['1277.0', '1277.1', '1273.4', '1276.3'], ['1276.4', '1277.8', '1274.5', '1277.0'], ['1276.7', '1277.1', '1274.7', '1276.2'], ['1275.1', '1275.1', '1271.2', '1273.1'], ['1273.1', '1275.3', '1272.9', '1275.2'], ['1275.3', '1275.3', '1273.6', '1274.2'], ['1274.5', '1275.0', '1274.2', '1274.6'], ['1274.9', '1275.9', '1274.9', '1275.5'], ['1275.9', '1275.9', '1274.4', '1274.5'], ['1274.5', '1275.4', '1274.0', '1275.0'], ['1274.8', '1275.5', '1274.4', '1274.8']]","(1276.5552599999999, 0.01999999999999275, 0.02, 0)",0.39959257227923756,0.06268118780850541,1276.55526,0.0199999999999927,0.02,0.0
13950,2021-05-20T11:55:00,1271.5,1271.7,1268.6,1270.8,3.1000000000001364,"1271.5,1271.7,1268.6,1270.8","1270.7,1271.9,1269.0,1271.9","1271.9,1272.6,1271.0,1272.2","1272.5,1274.0,1272.1,1272.5","1272.5,1274.5,1272.5,1272.5","1273.3,1274.0,1271.8,1273.8","1273.6,1274.4,1272.6,1272.9","1272.8,1273.0,1270.0,1273.0","1273.3,1273.7,1271.7,1273.2","1274.0,1274.3,1273.2,1273.9","1274.0,1275.0,1273.5,1273.7","1271.5,1271.7,1268.6,1270.8,1270.7,1271.9,1269.0,1271.9,1271.9,1272.6,1271.0,1272.2,1272.5,1274.0,1272.1,1272.5,1272.5,1274.5,1272.5,1272.5,1273.3,1274.0,1271.8,1273.8,1273.6,1274.4,1272.6,1272.9,1272.8,1273.0,1270.0,1273.0,1273.3,1273.7,1271.7,1273.2,1274.0,1274.3,1273.2,1273.9,1274.0,1275.0,1273.5,1273.7","[['1271.5', '1271.7', '1268.6', '1270.8'], ['1270.7', '1271.9', '1269.0', '1271.9'], ['1271.9', '1272.6', '1271.0', '1272.2'], ['1272.5', '1274.0', '1272.1', '1272.5'], ['1272.5', '1274.5', '1272.5', '1272.5'], ['1273.3', '1274.0', '1271.8', '1273.8'], ['1273.6', '1274.4', '1272.6', '1272.9'], ['1272.8', '1273.0', '1270.0', '1273.0'], ['1273.3', '1273.7', '1271.7', '1273.2'], ['1274.0', '1274.3', '1273.2', '1273.9'], ['1274.0', '1275.0', '1273.5', '1273.7']]","(1271.05416, 0.019999999999996552, 0.02, 0)",0.06295247088447864,0.33050047214353523,1271.05416,0.0199999999999965,0.02,0.0
14437,2021-05-25T09:00:00,1249.0,1249.0,1245.9,1248.2,3.099999999999909,"1249.0,1249.0,1245.9,1248.2","1248.0,1249.3,1248.0,1249.0","1248.3,1248.3,1248.1,1248.2","1248.0,1248.0,1248.0,1248.0","1248.1,1248.1,1247.3,1248.0","1248.1,1249.2,1248.1,1249.1","1249.0,1249.0,1249.0,1249.0","1248.6,1248.6,1248.5,1248.5","1249.0,1249.0,1249.0,1249.0","1248.9,1249.3,1248.9,1249.3","1248.3,1248.9,1248.3,1248.5","1249.0,1249.0,1245.9,1248.2,1248.0,1249.3,1248.0,1249.0,1248.3,1248.3,1248.1,1248.2,1248.0,1248.0,1248.0,1248.0,1248.1,1248.1,1247.3,1248.0,1248.1,1249.2,1248.1,1249.1,1249.0,1249.0,1249.0,1249.0,1248.6,1248.6,1248.5,1248.5,1249.0,1249.0,1249.0,1249.0,1248.9,1249.3,1248.9,1249.3,1248.3,1248.9,1248.3,1248.5","[['1249.0', '1249.0', '1245.9', '1248.2'], ['1248.0', '1249.3', '1248.0', '1249.0'], ['1248.3', '1248.3', '1248.1', '1248.2'], ['1248.0', '1248.0', '1248.0', '1248.0'], ['1248.1', '1248.1', '1247.3', '1248.0'], ['1248.1', '1249.2', '1248.1', '1249.1'], ['1249.0', '1249.0', '1249.0', '1249.0'], ['1248.6', '1248.6', '1248.5', '1248.5'], ['1249.0', '1249.0', '1249.0', '1249.0'], ['1248.9', '1249.3', '1248.9', '1249.3'], ['1248.3', '1248.9', '1248.3', '1248.5']]","(1248.44964, 0.019999999999999952, 0.02, 0)",0.07210382951450817,0.08812690273993823,1248.44964,0.0199999999999999,0.02,0.0
14562,2021-05-25T22:10:00,1241.6,1242.4,1237.7,1242.4,4.7000000000000455,"1241.6,1242.4,1237.7,1242.4","1242.5,1243.9,1240.4,1243.9","1242.3,1243.0,1242.1,1242.6","1243.2,1243.2,1241.3,1242.0","1241.2,1241.7,1240.1,1240.7","1240.2,1240.5,1240.2,1240.5","1240.1,1240.5,1240.1,1240.5","1239.4,1241.7,1239.4,1241.1","1241.1,1241.1,1241.1,1241.1","1241.0,1242.0,1241.0,1241.5","1241.5,1241.5,1239.8,1239.8","1241.6,1242.4,1237.7,1242.4,1242.5,1243.9,1240.4,1243.9,1242.3,1243.0,1242.1,1242.6,1243.2,1243.2,1241.3,1242.0,1241.2,1241.7,1240.1,1240.7,1240.2,1240.5,1240.2,1240.5,1240.1,1240.5,1240.1,1240.5,1239.4,1241.7,1239.4,1241.1,1241.1,1241.1,1241.1,1241.1,1241.0,1242.0,1241.0,1241.5,1241.5,1241.5,1239.8,1239.8","[['1241.6', '1242.4', '1237.7', '1242.4'], ['1242.5', '1243.9', '1240.4', '1243.9'], ['1242.3', '1243.0', '1242.1', '1242.6'], ['1243.2', '1243.2', '1241.3', '1242.0'], ['1241.2', '1241.7', '1240.1', '1240.7'], ['1240.2', '1240.5', '1240.2', '1240.5'], ['1240.1', '1240.5', '1240.1', '1240.5'], ['1239.4', '1241.7', '1239.4', '1241.1'], ['1241.1', '1241.1', '1241.1', '1241.1'], ['1241.0', '1242.0', '1241.0', '1241.5'], ['1241.5', '1241.5', '1239.8', '1239.8']]","(1242.64848, 0.019999999999997766, 0.02, 0)",0.2414681262073406,0.06439150032195383,1242.64848,0.0199999999999977,0.02,0.0
15127,2021-06-03T19:15:00,1304.6,1305.0,1301.6,1305.0,3.400000000000091,"1304.6,1305.0,1301.6,1305.0","1304.8,1306.0,1302.4,1304.3","1304.3,1306.7,1304.3,1305.0","1304.8,1305.0,1301.3,1304.0","1303.7,1310.0,1303.7,1308.7","1308.5,1308.9,1306.4,1306.4","1306.5,1306.6,1303.7,1305.4","1305.2,1307.3,1304.0,1306.7","1306.0,1306.0,1304.0,1304.8","1304.3,1304.7,1302.3,1302.4","1302.2,1303.5,1300.7,1303.4","1304.6,1305.0,1301.6,1305.0,1304.8,1306.0,1302.4,1304.3,1304.3,1306.7,1304.3,1305.0,1304.8,1305.0,1301.3,1304.0,1303.7,1310.0,1303.7,1308.7,1308.5,1308.9,1306.4,1306.4,1306.5,1306.6,1303.7,1305.4,1305.2,1307.3,1304.0,1306.7,1306.0,1306.0,1304.0,1304.8,1304.3,1304.7,1302.3,1302.4,1302.2,1303.5,1300.7,1303.4","[['1304.6', '1305.0', '1301.6', '1305.0'], ['1304.8', '1306.0', '1302.4', '1304.3'], ['1304.3', '1306.7', '1304.3', '1305.0'], ['1304.8', '1305.0', '1301.3', '1304.0'], ['1303.7', '1310.0', '1303.7', '1308.7'], ['1308.5', '1308.9', '1306.4', '1306.4'], ['1306.5', '1306.6', '1303.7', '1305.4'], ['1305.2', '1307.3', '1304.0', '1306.7'], ['1306.0', '1306.0', '1304.0', '1304.8'], ['1304.3', '1304.7', '1302.3', '1302.4'], ['1302.2', '1303.5', '1300.7', '1303.4']]","(1305.261, 0.019999999999997492, 0.02, 0)",0.32950191570880877,0.38314176245210724,1305.261,0.0199999999999974,0.02,0.0
15130,2021-06-03T19:30:00,1304.8,1305.0,1301.3,1304.0,3.7000000000000455,"1304.8,1305.0,1301.3,1304.0","1303.7,1310.0,1303.7,1308.7","1308.5,1308.9,1306.4,1306.4","1306.5,1306.6,1303.7,1305.4","1305.2,1307.3,1304.0,1306.7","1306.0,1306.0,1304.0,1304.8","1304.3,1304.7,1302.3,1302.4","1302.2,1303.5,1300.7,1303.4","1303.5,1303.5,1301.0,1302.0","1302.0,1303.6,1301.7,1303.0","1303.0,1304.9,1302.7,1304.9","1304.8,1305.0,1301.3,1304.0,1303.7,1310.0,1303.7,1308.7,1308.5,1308.9,1306.4,1306.4,1306.5,1306.6,1303.7,1305.4,1305.2,1307.3,1304.0,1306.7,1306.0,1306.0,1304.0,1304.8,1304.3,1304.7,1302.3,1302.4,1302.2,1303.5,1300.7,1303.4,1303.5,1303.5,1301.0,1302.0,1302.0,1303.6,1301.7,1303.0,1303.0,1304.9,1302.7,1304.9","[['1304.8', '1305.0', '1301.3', '1304.0'], ['1303.7', '1310.0', '1303.7', '1308.7'], ['1308.5', '1308.9', '1306.4', '1306.4'], ['1306.5', '1306.6', '1303.7', '1305.4'], ['1305.2', '1307.3', '1304.0', '1306.7'], ['1306.0', '1306.0', '1304.0', '1304.8'], ['1304.3', '1304.7', '1302.3', '1302.4'], ['1302.2', '1303.5', '1300.7', '1303.4'], ['1303.5', '1303.5', '1301.0', '1302.0'], ['1302.0', '1303.6', '1301.7', '1303.0'], ['1303.0', '1304.9', '1302.7', '1304.9']]","(1304.2608, 0.02000000000000134, 0.02, 0)",0.25306748466257317,0.37576687116565116,1304.2608,0.0200000000000013,0.02,0.0
15993,2021-06-10T19:00:00,1312.2,1312.2,1308.4,1311.5,3.7999999999999545,"1312.2,1312.2,1308.4,1311.5","1311.9,1317.2,1311.7,1316.7","1316.8,1316.8,1312.3,1313.1","1314.0,1316.2,1313.6,1316.2","1315.7,1317.0,1315.5,1316.6","1316.0,1316.0,1314.0,1314.0","1314.5,1314.5,1312.2,1313.4","1313.2,1315.9,1313.2,1315.7","1315.7,1316.5,1314.7,1316.0","1316.5,1316.5,1314.5,1316.0","1316.0,1317.0,1315.1,1316.1","1312.2,1312.2,1308.4,1311.5,1311.9,1317.2,1311.7,1316.7,1316.8,1316.8,1312.3,1313.1,1314.0,1316.2,1313.6,1316.2,1315.7,1317.0,1315.5,1316.6,1316.0,1316.0,1314.0,1314.0,1314.5,1314.5,1312.2,1313.4,1313.2,1315.9,1313.2,1315.7,1315.7,1316.5,1314.7,1316.0,1316.5,1316.5,1314.5,1316.0,1316.0,1317.0,1315.1,1316.1","[['1312.2', '1312.2', '1308.4', '1311.5'], ['1311.9', '1317.2', '1311.7', '1316.7'], ['1316.8', '1316.8', '1312.3', '1313.1'], ['1314.0', '1316.2', '1313.6', '1316.2'], ['1315.7', '1317.0', '1315.5', '1316.6'], ['1316.0', '1316.0', '1314.0', '1314.0'], ['1314.5', '1314.5', '1312.2', '1313.4'], ['1313.2', '1315.9', '1313.2', '1315.7'], ['1315.7', '1316.5', '1314.7', '1316.0'], ['1316.5', '1316.5', '1314.5', '1316.0'], ['1316.0', '1317.0', '1315.1', '1316.1']]","(1311.7623, 0.020000000000007297, 0.02, 0)",0.0,0.41936713686618377,1311.7623,0.0200000000000072,0.02,0.0
16196,2021-06-11T21:25:00,1339.9,1340.0,1334.4,1338.4,5.599999999999909,"1339.9,1340.0,1334.4,1338.4","1338.3,1339.7,1338.0,1339.7","1339.4,1340.7,1339.2,1339.5","1340.0,1340.0,1337.9,1339.0","1339.0,1339.8,1338.8,1339.0","1339.1,1339.1,1338.5,1338.8","1339.0,1339.8,1338.7,1339.5","1339.0,1339.4,1338.2,1339.4","1338.9,1338.9,1338.3,1338.3","1338.4,1341.2,1338.0,1340.5","1340.7,1343.7,1340.7,1343.7","1339.9,1340.0,1334.4,1338.4,1338.3,1339.7,1338.0,1339.7,1339.4,1340.7,1339.2,1339.5,1340.0,1340.0,1337.9,1339.0,1339.0,1339.8,1338.8,1339.0,1339.1,1339.1,1338.5,1338.8,1339.0,1339.8,1338.7,1339.5,1339.0,1339.4,1338.2,1339.4,1338.9,1338.9,1338.3,1338.3,1338.4,1341.2,1338.0,1340.5,1340.7,1343.7,1340.7,1343.7","[['1339.9', '1340.0', '1334.4', '1338.4'], ['1338.3', '1339.7', '1338.0', '1339.7'], ['1339.4', '1340.7', '1339.2', '1339.5'], ['1340.0', '1340.0', '1337.9', '1339.0'], ['1339.0', '1339.8', '1338.8', '1339.0'], ['1339.1', '1339.1', '1338.5', '1338.8'], ['1339.0', '1339.8', '1338.7', '1339.5'], ['1339.0', '1339.4', '1338.2', '1339.4'], ['1338.9', '1338.9', '1338.3', '1338.3'], ['1338.4', '1341.2', '1338.0', '1340.5'], ['1340.7', '1343.7', '1340.7', '1343.7']]","(1338.66768, 0.019999999999994585, 0.02, 0)",0.037358039450089656,0.39599521817094696,1338.66768,0.0199999999999945,0.02,0.0
16221,2021-06-14T09:00:00,1342.4,1342.4,1337.2,1341.7,5.2000000000000455,"1342.4,1342.4,1337.2,1341.7","1341.6,1341.6,1340.0,1340.1","1340.1,1340.4,1339.3,1339.6","1340.0,1340.0,1339.2,1339.5","1339.2,1339.5,1339.2,1339.2","1339.2,1339.4,1339.2,1339.4","1339.5,1339.5,1337.7,1337.8","1337.7,1338.9,1337.7,1338.7","1338.7,1338.7,1338.1,1338.2","1338.5,1339.4,1338.5,1339.4","1339.6,1340.0,1339.2,1339.2","1342.4,1342.4,1337.2,1341.7,1341.6,1341.6,1340.0,1340.1,1340.1,1340.4,1339.3,1339.6,1340.0,1340.0,1339.2,1339.5,1339.2,1339.5,1339.2,1339.2,1339.2,1339.4,1339.2,1339.4,1339.5,1339.5,1337.7,1337.8,1337.7,1338.9,1337.7,1338.7,1338.7,1338.7,1338.1,1338.2,1338.5,1339.4,1338.5,1339.4,1339.6,1340.0,1339.2,1339.2","[['1342.4', '1342.4', '1337.2', '1341.7'], ['1341.6', '1341.6', '1340.0', '1340.1'], ['1340.1', '1340.4', '1339.3', '1339.6'], ['1340.0', '1340.0', '1339.2', '1339.5'], ['1339.2', '1339.5', '1339.2', '1339.2'], ['1339.2', '1339.4', '1339.2', '1339.4'], ['1339.5', '1339.5', '1337.7', '1337.8'], ['1337.7', '1338.9', '1337.7', '1338.7'], ['1338.7', '1338.7', '1338.1', '1338.2'], ['1338.5', '1339.4', '1338.5', '1339.4'], ['1339.6', '1340.0', '1339.2', '1339.2']]","(1341.43166, -0.020000000000005975, 0.02, '1340.0')",0.2981292390251174,0.0,1341.43166,-0.0200000000000059,0.02,1340.0
16508,2021-06-15T18:25:00,1312.7,1313.6,1308.1,1312.9,5.5,"1312.7,1313.6,1308.1,1312.9","1312.5,1319.0,1312.5,1318.9","1318.6,1319.1,1317.1,1317.8","1318.0,1319.5,1316.8,1317.5","1317.5,1318.2,1316.0,1318.2","1317.8,1320.2,1316.6,1319.5","1319.8,1320.8,1319.1,1319.1","1318.8,1320.1,1318.1,1319.0","1319.0,1319.0,1317.6,1318.2","1317.5,1318.0,1317.1,1317.5","1318.2,1319.2,1318.0,1318.0","1312.7,1313.6,1308.1,1312.9,1312.5,1319.0,1312.5,1318.9,1318.6,1319.1,1317.1,1317.8,1318.0,1319.5,1316.8,1317.5,1317.5,1318.2,1316.0,1318.2,1317.8,1320.2,1316.6,1319.5,1319.8,1320.8,1319.1,1319.1,1318.8,1320.1,1318.1,1319.0,1319.0,1319.0,1317.6,1318.2,1317.5,1318.0,1317.1,1317.5,1318.2,1319.2,1318.0,1318.0","[['1312.7', '1313.6', '1308.1', '1312.9'], ['1312.5', '1319.0', '1312.5', '1318.9'], ['1318.6', '1319.1', '1317.1', '1317.8'], ['1318.0', '1319.5', '1316.8', '1317.5'], ['1317.5', '1318.2', '1316.0', '1318.2'], ['1317.8', '1320.2', '1316.6', '1319.5'], ['1319.8', '1320.8', '1319.1', '1319.1'], ['1318.8', '1320.1', '1318.1', '1319.0'], ['1319.0', '1319.0', '1317.6', '1318.2'], ['1317.5', '1318.0', '1317.1', '1317.5'], ['1318.2', '1319.2', '1318.0', '1318.0']]","(1313.1625800000002, 0.0200000000000054, 0.02, 0)",0.0,0.6017213801508007,1313.1625800000002,0.0200000000000054,0.02,0.0
16569,2021-06-16T09:00:00,1290.7,1290.9,1287.7,1290.6,3.2000000000000455,"1290.7,1290.9,1287.7,1290.6","1290.7,1290.8,1289.6,1289.9","1290.0,1291.6,1289.6,1291.6","1291.7,1292.2,1291.0,1291.5","1291.5,1291.7,1290.6,1291.0","1291.0,1291.6,1291.0,1291.1","1290.9,1291.3,1290.9,1291.3","1291.2,1291.3,1290.0,1290.5","1290.0,1290.0,1285.7,1285.8","1285.8,1286.0,1283.1,1283.1","1283.3,1284.5,1283.1,1284.5","1290.7,1290.9,1287.7,1290.6,1290.7,1290.8,1289.6,1289.9,1290.0,1291.6,1289.6,1291.6,1291.7,1292.2,1291.0,1291.5,1291.5,1291.7,1290.6,1291.0,1291.0,1291.6,1291.0,1291.1,1290.9,1291.3,1290.9,1291.3,1291.2,1291.3,1290.0,1290.5,1290.0,1290.0,1285.7,1285.8,1285.8,1286.0,1283.1,1283.1,1283.3,1284.5,1283.1,1284.5","[['1290.7', '1290.9', '1287.7', '1290.6'], ['1290.7', '1290.8', '1289.6', '1289.9'], ['1290.0', '1291.6', '1289.6', '1291.6'], ['1291.7', '1292.2', '1291.0', '1291.5'], ['1291.5', '1291.7', '1290.6', '1291.0'], ['1291.0', '1291.6', '1291.0', '1291.1'], ['1290.9', '1291.3', '1290.9', '1291.3'], ['1291.2', '1291.3', '1290.0', '1290.5'], ['1290.0', '1290.0', '1285.7', '1285.8'], ['1285.8', '1286.0', '1283.1', '1283.1'], ['1283.3', '1284.5', '1283.1', '1284.5']]","(1290.34188, -0.019999999999997103, 0.02, '1289.6')",0.5811250581125058,0.12397334573067849,1290.34188,-0.0199999999999971,0.02,1289.6
16727,2021-06-16T22:10:00,1289.6,1290.5,1287.3,1290.0,3.2000000000000455,"1289.6,1290.5,1287.3,1290.0","1290.0,1290.0,1288.9,1289.7","1289.9,1292.0,1289.5,1289.8","1290.1,1292.5,1289.8,1292.0","1291.8,1291.8,1289.9,1289.9","1290.0,1290.3,1289.9,1290.0","1290.2,1290.5,1290.2,1290.4","1290.4,1290.5,1290.1,1290.1","1290.2,1290.6,1290.1,1290.6","1290.9,1291.0,1290.0,1290.0","1290.0,1290.6,1289.6,1290.2","1289.6,1290.5,1287.3,1290.0,1290.0,1290.0,1288.9,1289.7,1289.9,1292.0,1289.5,1289.8,1290.1,1292.5,1289.8,1292.0,1291.8,1291.8,1289.9,1289.9,1290.0,1290.3,1289.9,1290.0,1290.2,1290.5,1290.2,1290.4,1290.4,1290.5,1290.1,1290.1,1290.2,1290.6,1290.1,1290.6,1290.9,1291.0,1290.0,1290.0,1290.0,1290.6,1289.6,1290.2","[['1289.6', '1290.5', '1287.3', '1290.0'], ['1290.0', '1290.0', '1288.9', '1289.7'], ['1289.9', '1292.0', '1289.5', '1289.8'], ['1290.1', '1292.5', '1289.8', '1292.0'], ['1291.8', '1291.8', '1289.9', '1289.9'], ['1290.0', '1290.3', '1289.9', '1290.0'], ['1290.2', '1290.5', '1290.2', '1290.4'], ['1290.4', '1290.5', '1290.1', '1290.1'], ['1290.2', '1290.6', '1290.1', '1290.6'], ['1290.9', '1291.0', '1290.0', '1290.0'], ['1290.0', '1290.6', '1289.6', '1290.2']]","(1289.742, -0.02000000000000296, 0.02, '1288.9')",0.03875968992248062,0.1937984496124031,1289.742,-0.0200000000000029,0.02,1288.9
16846,2021-06-17T17:35:00,1285.0,1285.1,1282.0,1284.8,3.099999999999909,"1285.0,1285.1,1282.0,1284.8","1284.8,1287.0,1284.4,1286.8","1286.8,1286.8,1285.0,1285.2","1285.2,1285.5,1283.4,1284.2","1284.3,1285.6,1283.6,1284.5","1284.8,1286.5,1284.8,1286.5","1286.5,1286.6,1284.0,1286.5","1286.6,1286.7,1285.4,1285.4","1285.3,1286.9,1285.3,1286.5","1286.5,1286.8,1286.1,1286.2","1286.1,1286.8,1283.4,1283.6","1285.0,1285.1,1282.0,1284.8,1284.8,1287.0,1284.4,1286.8,1286.8,1286.8,1285.0,1285.2,1285.2,1285.5,1283.4,1284.2,1284.3,1285.6,1283.6,1284.5,1284.8,1286.5,1284.8,1286.5,1286.5,1286.6,1284.0,1286.5,1286.6,1286.7,1285.4,1285.4,1285.3,1286.9,1285.3,1286.5,1286.5,1286.8,1286.1,1286.2,1286.1,1286.8,1283.4,1283.6","[['1285.0', '1285.1', '1282.0', '1284.8'], ['1284.8', '1287.0', '1284.4', '1286.8'], ['1286.8', '1286.8', '1285.0', '1285.2'], ['1285.2', '1285.5', '1283.4', '1284.2'], ['1284.3', '1285.6', '1283.6', '1284.5'], ['1284.8', '1286.5', '1284.8', '1286.5'], ['1286.5', '1286.6', '1284.0', '1286.5'], ['1286.6', '1286.7', '1285.4', '1285.4'], ['1285.3', '1286.9', '1285.3', '1286.5'], ['1286.5', '1286.8', '1286.1', '1286.2'], ['1286.1', '1286.8', '1283.4', '1283.6']]","(1285.05696, 0.01999999999999498, 0.02, 0)",0.10896637608965314,0.16344956413450626,1285.05696,0.0199999999999949,0.02,0.0
19836,2021-07-16T18:40:00,1426.6,1426.6,1423.1,1426.3,3.5,"1426.6,1426.6,1423.1,1426.3","1426.5,1428.9,1425.7,1426.0","1426.0,1426.8,1424.9,1425.2","1424.8,1426.0,1423.7,1425.5","1425.4,1426.5,1424.0,1426.4","1426.3,1427.2,1425.8,1427.1","1427.1,1427.8,1426.3,1426.5","1426.3,1426.8,1425.5,1425.5","1425.8,1427.2,1424.8,1427.0","1427.1,1428.0,1426.8,1427.8","1428.0,1429.0,1428.0,1428.6","1426.6,1426.6,1423.1,1426.3,1426.5,1428.9,1425.7,1426.0,1426.0,1426.8,1424.9,1425.2,1424.8,1426.0,1423.7,1425.5,1425.4,1426.5,1424.0,1426.4,1426.3,1427.2,1425.8,1427.1,1427.1,1427.8,1426.3,1426.5,1426.3,1426.8,1425.5,1425.5,1425.8,1427.2,1424.8,1427.0,1427.1,1428.0,1426.8,1427.8,1428.0,1429.0,1428.0,1428.6","[['1426.6', '1426.6', '1423.1', '1426.3'], ['1426.5', '1428.9', '1425.7', '1426.0'], ['1426.0', '1426.8', '1424.9', '1425.2'], ['1424.8', '1426.0', '1423.7', '1425.5'], ['1425.4', '1426.5', '1424.0', '1426.4'], ['1426.3', '1427.2', '1425.8', '1427.1'], ['1427.1', '1427.8', '1426.3', '1426.5'], ['1426.3', '1426.8', '1425.5', '1425.5'], ['1425.8', '1427.2', '1424.8', '1427.0'], ['1427.1', '1428.0', '1426.8', '1427.8'], ['1428.0', '1429.0', '1428.0', '1428.6']]","(1426.58526, 0.020000000000007543, 0.02, 0)",0.18228984084694028,0.1893009885718324,1426.58526,0.0200000000000075,0.02,0.0
20026,2021-07-19T20:00:00,1401.5,1402.9,1397.9,1402.9,5.0,"1401.5,1402.9,1397.9,1402.9","1402.6,1402.6,1399.6,1400.1","1400.1,1402.4,1399.5,1402.4","1402.0,1404.4,1401.5,1403.3","1403.3,1404.9,1403.0,1403.0","1403.4,1403.7,1400.6,1400.6","1400.0,1402.7,1400.0,1402.4","1401.6,1403.0,1401.6,1402.4","1402.0,1403.0,1401.5,1402.6","1402.5,1403.1,1401.5,1401.5","1401.5,1401.5,1399.5,1400.0","1401.5,1402.9,1397.9,1402.9,1402.6,1402.6,1399.6,1400.1,1400.1,1402.4,1399.5,1402.4,1402.0,1404.4,1401.5,1403.3,1403.3,1404.9,1403.0,1403.0,1403.4,1403.7,1400.6,1400.6,1400.0,1402.7,1400.0,1402.4,1401.6,1403.0,1401.6,1402.4,1402.0,1403.0,1401.5,1402.6,1402.5,1403.1,1401.5,1401.5,1401.5,1401.5,1399.5,1400.0","[['1401.5', '1402.9', '1397.9', '1402.9'], ['1402.6', '1402.6', '1399.6', '1400.1'], ['1400.1', '1402.4', '1399.5', '1402.4'], ['1402.0', '1404.4', '1401.5', '1403.3'], ['1403.3', '1404.9', '1403.0', '1403.0'], ['1403.4', '1403.7', '1400.6', '1400.6'], ['1400.0', '1402.7', '1400.0', '1402.4'], ['1401.6', '1403.0', '1401.6', '1402.4'], ['1402.0', '1403.0', '1401.5', '1402.6'], ['1402.5', '1403.1', '1401.5', '1401.5'], ['1401.5', '1401.5', '1399.5', '1400.0']]","(1402.61942, -0.020000000000007123, 0.02, '1399.6')",0.24235512153397182,0.14256183619645021,1402.61942,-0.0200000000000071,0.02,1399.6
20183,2021-07-20T18:35:00,1391.6,1391.6,1388.5,1391.0,3.099999999999909,"1391.6,1391.6,1388.5,1391.0","1391.1,1392.4,1391.0,1391.2","1390.9,1391.7,1389.8,1390.0","1390.0,1390.7,1388.5,1389.5","1389.8,1390.2,1388.9,1390.0","1388.8,1389.5,1387.2,1389.5","1389.2,1391.1,1389.0,1390.9","1390.6,1392.3,1389.7,1391.2","1391.3,1394.4,1391.1,1394.4","1394.0,1396.0,1394.0,1394.9","1394.9,1396.5,1394.6,1396.5","1391.6,1391.6,1388.5,1391.0,1391.1,1392.4,1391.0,1391.2,1390.9,1391.7,1389.8,1390.0,1390.0,1390.7,1388.5,1389.5,1389.8,1390.2,1388.9,1390.0,1388.8,1389.5,1387.2,1389.5,1389.2,1391.1,1389.0,1390.9,1390.6,1392.3,1389.7,1391.2,1391.3,1394.4,1391.1,1394.4,1394.0,1396.0,1394.0,1394.9,1394.9,1396.5,1394.6,1396.5","[['1391.6', '1391.6', '1388.5', '1391.0'], ['1391.1', '1392.4', '1391.0', '1391.2'], ['1390.9', '1391.7', '1389.8', '1390.0'], ['1390.0', '1390.7', '1388.5', '1389.5'], ['1389.8', '1390.2', '1388.9', '1390.0'], ['1388.8', '1389.5', '1387.2', '1389.5'], ['1389.2', '1391.1', '1389.0', '1390.9'], ['1390.6', '1392.3', '1389.7', '1391.2'], ['1391.3', '1394.4', '1391.1', '1394.4'], ['1394.0', '1396.0', '1394.0', '1394.9'], ['1394.9', '1396.5', '1394.6', '1396.5']]","(1391.2782, 0.01999999999999783, 0.02, 0)",0.27318475916606433,0.39539899352983465,1391.2782,0.0199999999999978,0.02,0.0
20474,2021-07-22T22:15:00,1417.7,1417.9,1414.2,1416.9,3.7000000000000455,"1417.7,1417.9,1414.2,1416.9","1417.1,1417.8,1417.0,1417.3","1417.7,1417.7,1416.4,1417.2","1417.4,1417.4,1416.5,1416.5","1416.6,1417.6,1416.6,1417.6","1417.3,1417.3,1416.2,1417.0","1416.9,1417.8,1416.9,1417.5","1417.8,1419.6,1417.5,1419.4","1419.4,1420.4,1419.4,1419.7","1419.7,1420.0,1418.6,1418.9","1419.0,1419.0,1418.4,1418.8","1417.7,1417.9,1414.2,1416.9,1417.1,1417.8,1417.0,1417.3,1417.7,1417.7,1416.4,1417.2,1417.4,1417.4,1416.5,1416.5,1416.6,1417.6,1416.6,1417.6,1417.3,1417.3,1416.2,1417.0,1416.9,1417.8,1416.9,1417.5,1417.8,1419.6,1417.5,1419.4,1419.4,1420.4,1419.4,1419.7,1419.7,1420.0,1418.6,1418.9,1419.0,1419.0,1418.4,1418.8","[['1417.7', '1417.9', '1414.2', '1416.9'], ['1417.1', '1417.8', '1417.0', '1417.3'], ['1417.7', '1417.7', '1416.4', '1417.2'], ['1417.4', '1417.4', '1416.5', '1416.5'], ['1416.6', '1417.6', '1416.6', '1417.6'], ['1417.3', '1417.3', '1416.2', '1417.0'], ['1416.9', '1417.8', '1416.9', '1417.5'], ['1417.8', '1419.6', '1417.5', '1419.4'], ['1419.4', '1420.4', '1419.4', '1419.7'], ['1419.7', '1420.0', '1418.6', '1418.9'], ['1419.0', '1419.0', '1418.4', '1418.8']]","(1417.1833800000002, 0.02000000000000559, 0.02, 0)",0.04940362763780404,0.24701813818900414,1417.1833800000002,0.0200000000000055,0.02,0.0
20656,2021-07-23T22:55:00,1473.1,1473.5,1469.3,1472.6,4.2000000000000455,"1473.1,1473.5,1469.3,1472.6","1472.6,1478.0,1472.0,1474.5","1474.5,1476.0,1472.1,1476.0","1476.0,1478.0,1475.5,1477.0","1476.3,1484.9,1476.3,1480.4","1480.4,1482.3,1479.0,1479.0","1479.5,1482.0,1478.2,1480.3","1487.3,1488.6,1485.8,1488.0","1488.4,1490.0,1486.0,1490.0","1491.0,1491.0,1487.4,1487.4","1489.4,1489.5,1487.1,1489.5","1473.1,1473.5,1469.3,1472.6,1472.6,1478.0,1472.0,1474.5,1474.5,1476.0,1472.1,1476.0,1476.0,1478.0,1475.5,1477.0,1476.3,1484.9,1476.3,1480.4,1480.4,1482.3,1479.0,1479.0,1479.5,1482.0,1478.2,1480.3,1487.3,1488.6,1485.8,1488.0,1488.4,1490.0,1486.0,1490.0,1491.0,1491.0,1487.4,1487.4,1489.4,1489.5,1487.1,1489.5","[['1473.1', '1473.5', '1469.3', '1472.6'], ['1472.6', '1478.0', '1472.0', '1474.5'], ['1474.5', '1476.0', '1472.1', '1476.0'], ['1476.0', '1478.0', '1475.5', '1477.0'], ['1476.3', '1484.9', '1476.3', '1480.4'], ['1480.4', '1482.3', '1479.0', '1479.0'], ['1479.5', '1482.0', '1478.2', '1480.3'], ['1487.3', '1488.6', '1485.8', '1488.0'], ['1488.4', '1490.0', '1486.0', '1490.0'], ['1491.0', '1491.0', '1487.4', '1487.4'], ['1489.4', '1489.5', '1487.1', '1489.5']]","(1472.8945199999998, 0.019999999999994595, 0.02, 0)",0.033953551541491246,1.2494906967268837,1472.8945199999998,0.0199999999999945,0.02,0.0
20748,2021-07-26T19:45:00,1511.0,1511.3,1508.0,1511.3,3.2999999999999545,"1511.0,1511.3,1508.0,1511.3","1509.0,1509.0,1509.0,1509.0","1511.0,1511.0,1511.0,1511.0","1510.8,1510.8,1510.8,1510.8","1514.0,1515.8,1513.0,1513.0","1514.0,1514.0,1512.3,1512.3","1516.8,1516.8,1512.0,1512.0","1511.2,1511.2,1511.1,1511.1","1515.8,1515.8,1515.8,1515.8","1511.8,1511.8,1511.8,1511.8","1510.7,1515.4,1510.7,1515.4","1511.0,1511.3,1508.0,1511.3,1509.0,1509.0,1509.0,1509.0,1511.0,1511.0,1511.0,1511.0,1510.8,1510.8,1510.8,1510.8,1514.0,1515.8,1513.0,1513.0,1514.0,1514.0,1512.3,1512.3,1516.8,1516.8,1512.0,1512.0,1511.2,1511.2,1511.1,1511.1,1515.8,1515.8,1515.8,1515.8,1511.8,1511.8,1511.8,1511.8,1510.7,1515.4,1510.7,1515.4","[['1511.0', '1511.3', '1508.0', '1511.3'], ['1509.0', '1509.0', '1509.0', '1509.0'], ['1511.0', '1511.0', '1511.0', '1511.0'], ['1510.8', '1510.8', '1510.8', '1510.8'], ['1514.0', '1515.8', '1513.0', '1513.0'], ['1514.0', '1514.0', '1512.3', '1512.3'], ['1516.8', '1516.8', '1512.0', '1512.0'], ['1511.2', '1511.2', '1511.1', '1511.1'], ['1515.8', '1515.8', '1515.8', '1515.8'], ['1511.8', '1511.8', '1511.8', '1511.8'], ['1510.7', '1515.4', '1510.7', '1515.4']]","(1510.99774, -0.01999999999999556, 0.02, '1509.0')",0.03970091973796792,0.3639250975980944,1510.99774,-0.0199999999999955,0.02,1509.0
